Date & Time,SKU,Name,Brand,Average Rating,Rating Count,Sponsered,Price,Sales Price,Express,Rank,Link
2024-11-17 03:10:58,Z32E095072E29850F373DZ,"Generic Trideer Stretching Strap Yoga Strap Physical Therapy for Home Workout, Exercise, Pilates and Gymnastics, 10 Loops Non-Elastic Stretch Bands with Aesthetic Packaging for Women & Men ",Generic,,,Y,31.95,Not Available,Y,1,https://www.noon.com/uae-en/trideer-stretching-strap-yoga-strap-physical-therapy-for-home-workout-exercise-pilates-and-gymnastics-10-loops-non-elastic-stretch-bands-with-aesthetic-packaging-for-women-men/Z32E095072E29850F373DZ/p/?o=z32e095072e29850f373dz-1
2024-11-17 03:10:58,Z24E1B5B4FDE8BB5C6111Z,"Bernessi 8MM Yoga Mat with Carrying Strap Anti-Slip for Home Workout Exercises Meditation Eco Friendly, Non Skid TPE Yoga Mattres for Pilates 183x61x0.8cm Thick, Pink/Black Color ",Bernessi,4.8,58,N,69.90,165,Y,4,https://www.noon.com/uae-en/8mm-yoga-mat-with-carrying-strap-anti-slip-for-home-workout-exercises-meditation-eco-friendly-non-skid-tpe-yoga-mattres-for-pilates-183x61x0-8cm-thick-pink-black-color/Z24E1B5B4FDE8BB5C6111Z/p/?o=z24e1b5b4fde8bb5c6111z-1
2024-11-17 03:10:58,Z782483A0BC3C5CB0E5B7Z,"HaveDream Women's Yoga Socks, Split Finger Anti-Slip Socks Pilates Socks Five-Toe Sports Socks - Lavender Purple ",HaveDream,,,Y,21,28,Y,6,https://www.noon.com/uae-en/women-s-yoga-socks-split-finger-anti-slip-socks-pilates-socks-five-toe-sports-socks-lavender-purple/Z782483A0BC3C5CB0E5B7Z/p/?o=z782483a0bc3c5cb0e5b7z-1
2024-11-17 03:10:58,N27330175A,Fitness World Anti-Slip Yoga Mat With Carry Strap ,Fitness World,4.1,214,N,38,Not Available,Y,9,https://www.noon.com/uae-en/anti-slip-yoga-mat-with-carry-strap/N27330175A/p/?o=f2f2a89d50d79c1a
2024-11-17 03:10:58,Z670288C6FB154958BEEFZ,"HaveDream Women's Yoga Socks, Split-Toe Non-Slip Socks Pilates Socks Five-Toe Sports Socks - Light Green ",HaveDream,,,Y,21,36,Y,7,https://www.noon.com/uae-en/women-s-yoga-socks-split-toe-non-slip-socks-pilates-socks-five-toe-sports-socks-light-green/Z670288C6FB154958BEEFZ/p/?o=z670288c6fb154958beefz-1
2024-11-17 03:10:58,Z8CF3FA558D36FE67901DZ,"ShebSheb 3 Pairs Yoga Socks For Women，Non Slip Socks Pilates Socks For Yoga,Pilates， Ballet, Dance, Workout, Hospital ",ShebSheb,4.8,31,N,34.90,Not Available,N,5,https://www.noon.com/uae-en/3-pairs-yoga-socks-for-women-non-slip-socks-pilates-socks-for-yoga-pilates-ballet-dance-workout-hospital/Z8CF3FA558D36FE67901DZ/p/?o=b9584e1ec566676c
2024-11-17 03:10:58,Z212ACDF2F7760CD34A11Z,"Bernessi 8MM Yoga Mat with Carrying Strap Anti-Slip for Home Workout Exercises Meditation Eco Friendly, Non Skid TPE Yoga Mattres for Pilates 183x61x0.8cm Thick, Light Pink / Black Color ",Bernessi,5.0,3,N,61.25,180,Y,10,https://www.noon.com/uae-en/8mm-yoga-mat-with-carrying-strap-anti-slip-for-home-workout-exercises-meditation-eco-friendly-non-skid-tpe-yoga-mattres-for-pilates-183x61x0-8cm-thick-light-pink-black-color/Z212ACDF2F7760CD34A11Z/p/?o=z212acdf2f7760cd34a11z-1
2024-11-17 03:10:58,Z26D85EAC144F1FA830BDZ,"Vparty Thick Yoga Mat for Home Workout,183x61x0.6cm Non-Slip Exercise Fitness Yoga Mats,Eco-Friendly TPE Exercise Mats for Home Workout with strap & Carrying Bag ",Vparty,5.0,3,Y,59.90,69.95,Y,8,https://www.noon.com/uae-en/thick-yoga-mat-for-home-workout-183x61x0-6cm-non-slip-exercise-fitness-yoga-mats-eco-friendly-tpe-exercise-mats-for-home-workout-with-strap-carrying-bag/Z26D85EAC144F1FA830BDZ/p/?o=z26d85eac144f1fa830bdz-1
2024-11-17 03:10:58,ZFB2FFE6EB2F73115447DZ,"HaveDream Women's Yoga Socks, Split-Toe Non-Slip Socks Pilates Socks Five-Toe Sports Socks - Sakura Pink ",HaveDream,,,Y,21,28,Y,3,https://www.noon.com/uae-en/women-s-yoga-socks-split-toe-non-slip-socks-pilates-socks-five-toe-sports-socks-sakura-pink/ZFB2FFE6EB2F73115447DZ/p/?o=zfb2ffe6eb2f73115447dz-1
2024-11-17 03:10:58,ZE5D7520215AA49D4ED49Z,"TYCOM Tycom Resistance Loop Bands- Resistance Exercise Bands Set Workout Bands Flex bands for Home Fitness, Stretching, Strength Training, Physical Therapy, Yoga ",TYCOM,5.0,1,Y,28.90,49,Y,19,https://www.noon.com/uae-en/tycom-resistance-loop-bands-resistance-exercise-bands-set-workout-bands-flex-bands-for-home-fitness-stretching-strength-training-physical-therapy-yoga/ZE5D7520215AA49D4ED49Z/p/?o=ze5d7520215aa49d4ed49z-1
2024-11-17 03:10:59,Z576A0EBA8EADCC851199Z,"RIGID FITNESS Yoga Mat 6mm with Alignments - Anti-Slip TPE Yoga Mat with Carry Bag - Precision Alignment Lines, Double Colors, Lightweight & Durable for All Fitness Exercises- 183 * 66cm*0.6cm Thick ",RIGID FITNESS,4.9,17,N,75.85,96,Y,21,https://www.noon.com/uae-en/yoga-mat-6mm-with-alignments-anti-slip-tpe-yoga-mat-with-carry-bag-precision-alignment-lines-double-colors-lightweight-durable-for-all-fitness-exercises-183-66cm-0-6cm-thick/Z576A0EBA8EADCC851199Z/p/?o=z576a0eba8eadcc851199z-1
2024-11-17 03:10:58,ZE9BC56837C893BAD2931Z,"RIGID FITNESS Thick Yoga Mat 8mm - Knees Supportive Exercise Mat - for Yoga, Pilates, Fitness Exercises and Home Exercise Fitness Mat - Non-Slip Yoga Gym Mat With Carrying Bag - 183*66cm (Gold/Black) ",RIGID FITNESS,4.7,56,N,95.50,130.25,N,18,https://www.noon.com/uae-en/thick-yoga-mat-8mm-knees-supportive-exercise-mat-for-yoga-pilates-fitness-exercises-and-home-exercise-fitness-mat-non-slip-yoga-gym-mat-with-carrying-bag-183-66cm-gold-black/ZE9BC56837C893BAD2931Z/p/?o=dadfe5916fa2b71e
2024-11-17 03:10:58,Z3D591942C928706275A9Z,"Generic 6Pcs Cooling Towel, Ice Sports Towel, Cool Towel for Instant Cooling,for Yoga, Travel, Golf, Gym,Camping, Fitness, Running, Workout & More Activities (31.5""x11.8"") ",Generic,,,Y,29.90,129.90,Y,2,https://www.noon.com/uae-en/6pcs-cooling-towel-ice-sports-towel-cool-towel-for-instant-cooling-for-yoga-travel-golf-gym-camping-fitness-running-workout-more-activities-31-5-x11-8/Z3D591942C928706275A9Z/p/?o=z3d591942c928706275a9z-1
2024-11-17 03:10:58,ZB6A26C6FF922D524ABBAZ,MahMir MahMir Yoga Mat Anti-Slip Exercise Mat with Carrying Bag Fitness Mat for Pilates 183CM*61CM*6MM Thickness for Woman Man Beginners  Black+Light Grey ,MahMir,5.0,11,N,49.95,59.95,Y,16,https://www.noon.com/uae-en/mahmir-yoga-mat-anti-slip-exercise-mat-with-carrying-bag-fitness-mat-for-pilates-183cm-61cm-6mm-thickness-for-woman-man-beginners-black-light-grey/ZB6A26C6FF922D524ABBAZ/p/?o=zb6a26c6ff922d524abbaz-1
2024-11-17 03:10:58,Z230C9460E2B3F2772EA3Z,"YooA 3-Pair Non-slip Yoga Socks, Cotton Pilates Socks with Straps, Breathable&Moisture-wicking&Machine-washable, Ideal for Yoga/Pilates/Ballet/Dance/Workout (Purple+Black+Grey, Fit Size 36-42) ",YooA,5.0,2,N,32.80,50,Y,17,https://www.noon.com/uae-en/3-pair-non-slip-yoga-socks-cotton-pilates-socks-with-straps-breathable-moisture-wicking-machine-washable-ideal-for-yoga-pilates-ballet-dance-workout-purple-black-grey-fit-size-36-42/Z230C9460E2B3F2772EA3Z/p/?o=z230c9460e2b3f2772ea3z-1
2024-11-17 03:10:58,N20034889A,Generic Anti-Tear Exercise Mat With Carrying Strap ,Generic,4.3,1.5K,N,31.50,239,Y,20,https://www.noon.com/uae-en/anti-tear-exercise-mat-with-carrying-strap/N20034889A/p/?o=f1c5ec42ae8cb85e
2024-11-17 03:10:59,ZB6E61CE23B29DAF85955Z,"MahMir MahMir® Yoga Cork Block – Supportive, Sustainable Cork with Non-Slip Surface, Exercise Accessory for Yoga, Pilates, and General Fitness, Natural Cork Blocks Size 9""x6""x3"" (2pcs pack) ",MahMir,4.7,4,N,59.95,69.95,N,67,https://www.noon.com/uae-en/mahmir-yoga-cork-block-supportive-sustainable-cork-with-non-slip-surface-exercise-accessory-for-yoga-pilates-and-general-fitness-natural-cork-blocks-size-9-x6-x3-2pcs-pack/ZB6E61CE23B29DAF85955Z/p/?o=fae71ce02e9b7d0e
2024-11-17 03:10:59,ZDB442E3C0BDE58C85EE1Z,Longchamp Le Pliage Energy S Small Shoulder Bag Navy Blue for Women ,Longchamp,5.0,1,N,170.20,Not Available,Y,65,https://www.noon.com/uae-en/le-pliage-energy-s-small-shoulder-bag-navy-blue-for-women/ZDB442E3C0BDE58C85EE1Z/p/?o=zdb442e3c0bde58c85ee1z-1
2024-11-17 03:10:59,Z3F95B162CE89D5F0E378Z,"GROIC Yoga Mat, Extra Wide 72""x 31.5"" x 0.24"" Pilates Fitness Mats with Alignment Marks, Non Slip Fitness Yoga Mats, Exercise Mats for Yoga Pilates Home Floor Workout with Carrying Sling and Storage Bag ",GROIC,,,N,123.40,250,Y,64,https://www.noon.com/uae-en/yoga-mat-extra-wide-72-x-31-5-x-0-24-pilates-fitness-mats-with-alignment-marks-non-slip-fitness-yoga-mats-exercise-mats-for-yoga-pilates-home-floor-workout-with-carrying-sling-and-storage-bag/Z3F95B162CE89D5F0E378Z/p/?o=z3f95b162ce89d5f0e378z-1
2024-11-17 03:10:59,Z54B10CD732976EE884EEZ,"GROIC Yoga Mat Non Slip, Pilates Fitness Mats, Anti-Tear 72""x 31.5"" x 0.6"" Thick Yoga Mats for Women, Exercise Mats for Yoga Pilates Home Floor Workout with Carrying Sling and Storage Bag ",GROIC,4.9,6,N,123.95,400,Y,63,https://www.noon.com/uae-en/yoga-mat-non-slip-pilates-fitness-mats-anti-tear-72-x-31-5-x-0-6-thick-yoga-mats-for-women-exercise-mats-for-yoga-pilates-home-floor-workout-with-carrying-sling-and-storage-bag/Z54B10CD732976EE884EEZ/p/?o=z54b10cd732976ee884eez-1
2024-11-17 03:10:59,Z285982C81EF244313110Z,RollsTimi  5pcs Yoga Equipment Set Yoga Ball Exercise Gymnastic Fitness Pilates Ball Exercise Yoga Blocks Resistance Loop Band ,RollsTimi,,,N,45.75,59,Y,62,https://www.noon.com/uae-en/5pcs-yoga-equipment-set-yoga-ball-exercise-gymnastic-fitness-pilates-ball-exercise-yoga-blocks-resistance-loop-band/Z285982C81EF244313110Z/p/?o=z285982c81ef244313110z-1
2024-11-17 03:10:59,Z6FC94A5DBD1A7D980F19Z,MahMir MahMir Yoga Mat Anti-Slip Exercise Mat with Carrying Bag Fitness Mat for Pilates 183CM*61CM*6MM Thickness for Woman Man Beginners (Dark Blue + Light Blue) ,MahMir,4.4,24,N,49,69.95,Y,66,https://www.noon.com/uae-en/mahmir-yoga-mat-anti-slip-exercise-mat-with-carrying-bag-fitness-mat-for-pilates-183cm-61cm-6mm-thickness-for-woman-man-beginners-dark-blue-light-blue/Z6FC94A5DBD1A7D980F19Z/p/?o=z6fc94a5dbd1a7d980f19z-1
2024-11-17 03:10:59,Z20B935AF0AE6FDE33A70Z,Longchamp Le Pliage Energy L Medium Shoulder Bag Navy Blue for Women ,Longchamp,,,N,183.90,Not Available,Y,61,https://www.noon.com/uae-en/le-pliage-energy-l-medium-shoulder-bag-navy-blue-for-women/Z20B935AF0AE6FDE33A70Z/p/?o=z20b935af0ae6fde33a70z-1
2024-11-17 03:10:59,Z0BBD9C7C83B7E8DF4FD6Z,"RIGID FITNESS Microfiber Gym Towel - Face Towel, Yoga Towel - Quick Dry & High Absorbent Sweat Towel For Gym Exercises and Outdoor - Thick 400Gsm - 75x35cm-Grey ",RIGID FITNESS,4.1,20,N,45.75,Not Available,N,59,https://www.noon.com/uae-en/microfiber-gym-towel-face-towel-yoga-towel-quick-dry-high-absorbent-sweat-towel-for-gym-exercises-and-outdoor-thick-400gsm-75x35cm-grey/Z0BBD9C7C83B7E8DF4FD6Z/p/?o=f433e986d29277cf
2024-11-17 03:10:59,N49111522A,Kanteen Store Anti Burst Gym Ball 65Cm Fitness Yoga Exercise Home Pregnancy Birthing Ball 65cm ,Kanteen Store,4.3,62,N,24.15,31.50,Y,55,https://www.noon.com/uae-en/anti-burst-gym-ball-65cm-fitness-yoga-exercise-home-pregnancy-birthing-ball-65cm/N49111522A/p/?o=a029b98954f4ac5f
2024-11-17 03:10:59,Z1A4B4937483BD38B3E34Z,"MELA MELA Non-Slip Yoga Mat for Home Gym - 6mm Thick, Eco-Friendly TPE, Cushioned Exercise Mat with Carry Strap - Perfect for Yoga, Pilates, Fitness Training, & Gymnastics Essentials  - Violet ",MELA,5.0,1,N,119,Not Available,Y,56,https://www.noon.com/uae-en/mela-non-slip-yoga-mat-for-home-gym-6mm-thick-eco-friendly-tpe-cushioned-exercise-mat-with-carry-strap-perfect-for-yoga-pilates-fitness-training-gymnastics-essentials-violet/Z1A4B4937483BD38B3E34Z/p/?o=z1a4b4937483bd38b3e34z-1
2024-11-17 03:10:59,N48797189A,Cool Baby Yoga Foam Roller ,Cool Baby,4.5,15,N,42.25,120,Y,57,https://www.noon.com/uae-en/yoga-foam-roller/N48797189A/p/?o=c194847cd94e357c
2024-11-17 03:10:59,ZBB78D5C43CF34B9706F2Z,"FFA SPORTS Fitness for All FFA SPORTS Extra 10mm Thick Exercise Mat Non Slip with Carrying Strap Ideal for Pilates, Yoga and Many Other Home Workouts ",FFA SPORTS Fitness for All,,,N,44,50,Y,54,https://www.noon.com/uae-en/ffa-sports-extra-10mm-thick-exercise-mat-non-slip-with-carrying-strap-ideal-for-pilates-yoga-and-many-other-home-workouts/ZBB78D5C43CF34B9706F2Z/p/?o=zbb78d5c43cf34b9706f2z-1
2024-11-17 03:10:59,ZB01B843EC46FF6786BB8Z,Prickly Pear Prickly Pear Currents Non-Slip Suede Top 1mm Travel Yoga Mat - Portable Exercise Mat ,Prickly Pear,4.0,1,N,128,240,Y,53,https://www.noon.com/uae-en/prickly-pear-currents-non-slip-suede-top-1mm-travel-yoga-mat-portable-exercise-mat/ZB01B843EC46FF6786BB8Z/p/?o=zb01b843ec46ff6786bb8z-1
2024-11-17 03:10:59,Z183968CF0AD1BA3C3868Z,GROIC Women's Seamless Workout Sets 2 Pieces Outfit High Waist Gym Shorts Sports Bra Activewear Sets for Yoga Workout ,GROIC,5.0,4,N,54.45,200,N,51,https://www.noon.com/uae-en/women-s-seamless-workout-sets-2-pieces-outfit-high-waist-gym-shorts-sports-bra-activewear-sets-for-yoga-workout/Z183968CF0AD1BA3C3868Z/p/?o=ff360dcac3da866d
2024-11-17 03:10:59,Z3859B43C495F32F447DCZ,"Spall Yoga Mat Non Slip,Yoga Mat with Strap Included 10mm Thick Exercise Mat Yoga and Many Other Home Workouts ",Spall,4.3,11,N,42,80,Y,52,https://www.noon.com/uae-en/yoga-mat-non-slip-yoga-mat-with-strap-included-10mm-thick-exercise-mat-yoga-and-many-other-home-workouts/Z3859B43C495F32F447DCZ/p/?o=z3859b43c495f32f447dcz-1
2024-11-17 03:10:59,N34539048A,yoga mat Foldable Non-Slip Yoga Mat ,yoga mat,4.4,74,N,38.05,Not Available,Y,50,https://www.noon.com/uae-en/foldable-non-slip-yoga-mat/N34539048A/p/?o=a43345d3b1072ded
2024-11-17 03:10:59,N16529626A,body heart Yoga Ball With Air Pump - 85 cm 85cm ,body heart,3.9,76,N,38.95,Not Available,N,49,https://www.noon.com/uae-en/yoga-ball-with-air-pump-85-cm-85cm/N16529626A/p/?o=d79bbd8ff82520cc
2024-11-17 03:10:59,Z1FBD93C29A347F11F5E8Z,Gaiam 6Mm Capri Yoga Mat ,Gaiam,,,N,58,165,N,47,https://www.noon.com/uae-en/6mm-capri-yoga-mat/Z1FBD93C29A347F11F5E8Z/p/?o=e214f0a740cbfe4f
2024-11-17 03:10:59,ZFC2F5FDADFE479BB0DF4Z,"RIGID FITNESS Yoga Mat 6mm with Alignments - Anti-Slip TPE Yoga Mat with Carry Bag - Precision Alignment Lines, Lightweight & Durable for All Fitness Exercises - Thick Training Mat - 183*66cm (Green) ",RIGID FITNESS,5.0,7,N,69.75,95,Y,46,https://www.noon.com/uae-en/yoga-mat-6mm-with-alignments-anti-slip-tpe-yoga-mat-with-carry-bag-precision-alignment-lines-lightweight-durable-for-all-fitness-exercises-thick-training-mat-183-66cm-green/ZFC2F5FDADFE479BB0DF4Z/p/?o=zfc2f5fdadfe479bb0df4z-1
2024-11-17 03:10:59,ZC4AC12C1B1374B0D96E2Z,Generic Portable Pilates Studio Exercise Stick Kit Yoga Belt，Pilates Bar with Foot Strap for Full Body Workout ,Generic,,,Y,34,65,Y,44,https://www.noon.com/uae-en/portable-pilates-studio-exercise-stick-kit-yoga-belt-pilates-bar-with-foot-strap-for-full-body-workout/ZC4AC12C1B1374B0D96E2Z/p/?o=zc4ac12c1b1374b0d96e2z-1
2024-11-17 03:10:59,Z6782E4105E2C54A88AD2Z,"LYNLYN 1.5m Resistance Bands for Yoga, Pilates, Strength Training, Elastic Bands for Flexibility, Rehab, Fitness, Ideal for Men & Women (Green) ",LYNLYN,,,Y,29.90,79,Y,43,https://www.noon.com/uae-en/1-5m-resistance-bands-for-yoga-pilates-strength-training-elastic-bands-for-flexibility-rehab-fitness-ideal-for-men-women-green/Z6782E4105E2C54A88AD2Z/p/?o=z6782e4105e2c54a88ad2z-1
2024-11-17 03:11:02,Z880BC1691FBB2A8BFF1FZ,MahMir MahMir Yoga Mat Anti-Slip Exercise Mat with Carrying Bag Fitness Mat for Pilates 183CM*61CM*6MM Thickness for Woman Man Beginners  Dark Green+Light Green ,MahMir,4.7,7,N,49.95,69.95,Y,67,https://www.noon.com/uae-en/mahmir-yoga-mat-anti-slip-exercise-mat-with-carrying-bag-fitness-mat-for-pilates-183cm-61cm-6mm-thickness-for-woman-man-beginners-dark-green-light-green/Z880BC1691FBB2A8BFF1FZ/p/?o=z880bc1691fbb2a8bff1fz-1
2024-11-17 03:11:02,Z2C02609363D7578F6618Z,Cool Baby Style COOLBABY Yoga Mat - The World's Best Eco-Friendly Non Slip Yoga Mat With The ORIGINAL Unique Alignment Marker System Thick Comfortable Yoga Mat for Home Gym  Outdoor 183 cmx 68cm x 5mm ,Cool Baby Style,,,N,99,158,Y,42,https://www.noon.com/uae-en/coolbaby-yoga-mat-the-world-s-best-eco-friendly-non-slip-yoga-mat-with-the-original-unique-alignment-marker-system-thick-comfortable-yoga-mat-for-home-gym-outdoor-183-cmx-68cm-x-5mm/Z2C02609363D7578F6618Z/p/?o=z2c02609363d7578f6618z-1
2024-11-17 03:10:59,ZAD955A6E63B552CF2087Z,"RIGID FITNESS Microfiber Quick Dry Towels - Silver Ion Technology Towel, Super Absorbent Gym Towel - Ideal Sweat Towel for Fitness, Camping, Travel - Suitable for Men & Women - 77x40cm (Set of 3) ",RIGID FITNESS,4.5,8,N,64.75,76,N,48,https://www.noon.com/uae-en/microfiber-quick-dry-towels-silver-ion-technology-towel-super-absorbent-gym-towel-ideal-sweat-towel-for-fitness-camping-travel-suitable-for-men-women-77x40cm-set-of-3/ZAD955A6E63B552CF2087Z/p/?o=d824eec06093747d
2024-11-17 03:11:02,N43250378A,Rock Pow Acupressure Mat 66 x 42cm ,Rock Pow,,,N,59,149,Y,31,https://www.noon.com/uae-en/acupressure-mat-66-x-42cm/N43250378A/p/?o=fea16ff4a291debe
2024-11-17 03:11:02,Z131EFE3A0A418553788CZ,Spall Yoga Mats Anti-slip Sport Fitness Mat Blanket For Exercise Yoga And Pilates Gymnastics Mat Fitness Equipment 6mm ,Spall,,,N,44.40,50,Y,65,https://www.noon.com/uae-en/yoga-mats-anti-slip-sport-fitness-mat-blanket-for-exercise-yoga-and-pilates-gymnastics-mat-fitness-equipment-6mm/Z131EFE3A0A418553788CZ/p/?o=z131efe3a0a418553788cz-1
2024-11-17 03:10:59,Z3CB10B40E42D51C8C36CZ,Longchamp Longchamp Le Pliage Original Large Burgundy Tote Bag for Women L1899089P87 ,Longchamp,,,N,158.90,Not Available,Y,42,https://www.noon.com/uae-en/longchamp-le-pliage-original-large-burgundy-tote-bag-for-women-l1899089p87/Z3CB10B40E42D51C8C36CZ/p/?o=z3cb10b40e42d51c8c36cz-1
2024-11-17 03:11:02,Z7FEDE1D769E4F8A1187BZ,"RIOXS Thick Yoga Mat with Carrier Strap, Non-Slip High-density Exercise Mat, Pilates Fitness Mat, Non-toxic Odorless Mat, Easy to Store and Clean, 183*61*0.6cm ",RIOXS,,,N,52.70,110,Y,64,https://www.noon.com/uae-en/thick-yoga-mat-with-carrier-strap-non-slip-high-density-exercise-mat-pilates-fitness-mat-non-toxic-odorless-mat-easy-to-store-and-clean-183-61-0-6cm/Z7FEDE1D769E4F8A1187BZ/p/?o=z7fede1d769e4f8a1187bz-1
2024-11-17 03:11:02,ZA8CFB015E5F84F474656Z,"GROIC Back Stretcher and Neck Stretcher for Pain Relief, Multi-Level Magnetic Therapy Back Cracker Device Back Arch Stretcher, Ergonomic Neck Cervical Traction Device Chiropractic Pillow ",GROIC,,,N,68.55,200,Y,62,https://www.noon.com/uae-en/back-stretcher-and-neck-stretcher-for-pain-relief-multi-level-magnetic-therapy-back-cracker-device-back-arch-stretcher-ergonomic-neck-cervical-traction-device-chiropractic-pillow/ZA8CFB015E5F84F474656Z/p/?o=za8cfb015e5f84f474656z-1
2024-11-17 03:11:02,N43250383A,Rock Pow Acupressure Spike Mat 66 x 42cm ,Rock Pow,4.0,1,N,48.60,119,Y,63,https://www.noon.com/uae-en/acupressure-spike-mat-66-x-42cm/N43250383A/p/?o=d77d0cdeba3f09dd
2024-11-17 03:11:02,Z40452B9643F74713516FZ,"GROIC Yoga Mat, Extra Wide 72.8""x 31.5"" x 0.24"" Pilates Fitness Mats with Alignment Marks, Non Slip Fitness Yoga Mats, Exercise Mats for Yoga Pilates Home Floor Workout with Carrying Sling and Storage Bag ",GROIC,,,N,118.50,250,Y,61,https://www.noon.com/uae-en/yoga-mat-extra-wide-72-8-x-31-5-x-0-24-pilates-fitness-mats-with-alignment-marks-non-slip-fitness-yoga-mats-exercise-mats-for-yoga-pilates-home-floor-workout-with-carrying-sling-and-storage-bag/Z40452B9643F74713516FZ/p/?o=z40452b9643f74713516fz-1
2024-11-17 03:11:02,ZFFE77555554D946085DFZ,"GROIC Squat Wedge Block Non Slip Professional Slant Board,Squat Ramp Foot Wedges for Squats Yoga Wedge Great for Exercise,Stretching Equipment ",GROIC,5.0,1,N,84,400,Y,59,https://www.noon.com/uae-en/squat-wedge-block-non-slip-professional-slant-board-squat-ramp-foot-wedges-for-squats-yoga-wedge-great-for-exercise-stretching-equipment/ZFFE77555554D946085DFZ/p/?o=zffe77555554d946085dfz-1
2024-11-17 03:11:02,Z5364B7401B46DD83668DZ,Prickly Pear Prickly Pear Daydream Non-Slip Suede Top 1mm Travel Yoga Mat - Portable Yoga Mat for Travel ,Prickly Pear,5.0,1,N,128,240,Y,57,https://www.noon.com/uae-en/prickly-pear-daydream-non-slip-suede-top-1mm-travel-yoga-mat-portable-yoga-mat-for-travel/Z5364B7401B46DD83668DZ/p/?o=z5364b7401b46dd83668dz-1
2024-11-17 03:11:02,Z4EAB1F3B4BA3811C89EBZ,"GROIC 12 Pack Puzzle Exercise Floor Mat, EVA Foam Mats with Interlocking Floor Tiles, 12'' x 12'' Foam Gym Mat, Protective Flooring Mats Interlocking for Home and Gym Equipment (Navy Blue) ",GROIC,5.0,1,N,69.35,200,Y,58,https://www.noon.com/uae-en/12-pack-puzzle-exercise-floor-mat-eva-foam-mats-with-interlocking-floor-tiles-12-x-12-foam-gym-mat-protective-flooring-mats-interlocking-for-home-and-gym-equipment-navy-blue/Z4EAB1F3B4BA3811C89EBZ/p/?o=z4eab1f3b4ba3811c89ebz-1
2024-11-17 03:11:02,Z2B5045D950DFD7AE4E59Z,"RIGID FITNESS 6mm Anti-Slip TPE Yoga Mat with Strap, Bag - Knee Support, Non-Slip, Lightweight for Yoga, Pilates, Fitness, Home Workouts 183*66 cm (Pink/Black) ",RIGID FITNESS,4.6,23,N,79.75,89.95,Y,60,https://www.noon.com/uae-en/6mm-anti-slip-tpe-yoga-mat-with-strap-bag-knee-support-non-slip-lightweight-for-yoga-pilates-fitness-home-workouts-183-66-cm-pink-black/Z2B5045D950DFD7AE4E59Z/p/?o=z2b5045d950dfd7ae4e59z-1
2024-11-17 03:11:02,Z6D2C5322FF21EAB9342EZ,"GROIC Men's Waist Trainer Sauna Vest Weight Loss Body Shaper Sweat Vest for Men with Double Belt and Zipper, Corset Plus Size L ",GROIC,2.1,10,N,55.30,200,N,55,https://www.noon.com/uae-en/men-s-waist-trainer-sauna-vest-weight-loss-body-shaper-sweat-vest-for-men-with-double-belt-and-zipper-corset-plus-size-l/Z6D2C5322FF21EAB9342EZ/p/?o=fc45678dbcb29c0a
2024-11-17 03:11:02,N49668789A,Fitness World 5-Piece Elastic Resistance Band Set ,Fitness World,4.4,35,N,38.05,Not Available,N,54,https://www.noon.com/uae-en/5-piece-elastic-resistance-band-set/N49668789A/p/?o=ae37d04eabc42efd
2024-11-17 03:11:02,Z719A382A1CA26C55AB50Z,ALSAQER Alsaqer Traditional Arabic Outdoor Carpet | Arabic Sadu Mat Foldable (1.8x2.5 Mtr) Majlis Mat|Majlis Carpet | Outdoor Camping Mat|Camping Carpet|Majlis Mat|Sadu Carpet|Picnic Mat Multicolour ,ALSAQER,,,N,49.95,59.95,Y,52,https://www.noon.com/uae-en/alsaqer-traditional-arabic-outdoor-carpet-arabic-sadu-mat-foldable-1-8x2-5-mtr-majlis-mat-majlis-carpet-outdoor-camping-mat-camping-carpet-majlis-mat-sadu-carpet-picnic-mat-multicolour/Z719A382A1CA26C55AB50Z/p/?o=z719a382a1ca26c55ab50z-1
2024-11-17 03:11:02,Z762F9F2D1E0C15CCDC7FZ,Adidas Fitness Mat - 7Mm - Grey ,Adidas,,,N,107.05,115,Y,48,https://www.noon.com/uae-en/fitness-mat-7mm-grey/Z762F9F2D1E0C15CCDC7FZ/p/?o=z762f9f2d1e0c15ccdc7fz-1
2024-11-17 03:11:02,Z3ECE31D6665E7DFAC159Z,"RIGID FITNESS Thick Yoga Mat 8mm - Knees Supportive Exercise Mat - for Yoga, Pilates, Fitness Exercises and Home Exercise Fitness Mat - Non-Slip Yoga Gym Mat With Carrying Bag - 183*66cm (Green/Black) ",RIGID FITNESS,4.3,17,N,109.75,130.25,Y,53,https://www.noon.com/uae-en/thick-yoga-mat-8mm-knees-supportive-exercise-mat-for-yoga-pilates-fitness-exercises-and-home-exercise-fitness-mat-non-slip-yoga-gym-mat-with-carrying-bag-183-66cm-green-black/Z3ECE31D6665E7DFAC159Z/p/?o=z3ece31d6665e7dfac159z-1
2024-11-17 03:11:04,ZD9009A36D21843256005Z,Adidas Fitness Mat - 7Mm - Green ,Adidas,,,N,84.45,155,Y,67,https://www.noon.com/uae-en/fitness-mat-7mm-green/ZD9009A36D21843256005Z/p/?o=zd9009a36d21843256005z-1
2024-11-17 03:11:02,ZA3EF4D0BF060CAC7F4CDZ,"Spall Yoga Mat Non Slip,Yoga Mat with Strap Included 10mm Thick Exercise Mat Yoga and Many Other Home Workouts ",Spall,5.0,1,N,42,80,Y,50,https://www.noon.com/uae-en/yoga-mat-non-slip-yoga-mat-with-strap-included-10mm-thick-exercise-mat-yoga-and-many-other-home-workouts/ZA3EF4D0BF060CAC7F4CDZ/p/?o=za3ef4d0bf060cac7f4cdz-1
2024-11-17 03:11:02,Z32C558C747A533F9CAC3Z,"HY Women's Pilates Grip Socks Five Finger Yoga Socks, Full Toe Grip Non-Slip Socks for Yoga, Pilates, Barre, Dance Black ",HY,,,N,31.60,70,Y,47,https://www.noon.com/uae-en/women-s-pilates-grip-socks-five-finger-yoga-socks-full-toe-grip-non-slip-socks-for-yoga-pilates-barre-dance-black/Z32C558C747A533F9CAC3Z/p/?o=z32c558c747a533f9cac3z-1
2024-11-17 03:11:04,ZACCFDDC3974DE78FE03AZ,ShebSheb Pilates Yoga Mat Thick Non Slip Exercise Mats 8mm TPE for Yoga Workout Pilates Yoga Mats for Women Men ,ShebSheb,4.5,11,N,59.90,Not Available,Y,64,https://www.noon.com/uae-en/pilates-yoga-mat-thick-non-slip-exercise-mats-8mm-tpe-for-yoga-workout-pilates-yoga-mats-for-women-men/ZACCFDDC3974DE78FE03AZ/p/?o=zaccfddc3974de78fe03az-1
2024-11-17 03:11:02,Z240D8A40A030A377C5B9Z,Vitacelli Facial Neck Lifting Machine White ,Vitacelli,4.6,3,N,49.50,85,Y,51,https://www.noon.com/uae-en/facial-neck-lifting-machine-white/Z240D8A40A030A377C5B9Z/p/?o=z240d8a40a030a377c5b9z-1
2024-11-17 03:11:04,N21462859A,U-pick 4 Packs Cooling Towel 0.08X39.4X11.4inch 0.08X39.4X11.4inch ,U-pick,4.1,86,N,30.45,Not Available,N,65,https://www.noon.com/uae-en/4-packs-cooling-towel-0-08x39-4x11-4inch-0-08x39-4x11-4inch/N21462859A/p/?o=ae25c1030653795b
2024-11-17 03:11:04,Z4FDF649EAA6C7E365B89Z,"Applied Nutrition Gym Towel, Black ",Applied Nutrition,,,N,11.10,Not Available,Y,66,https://www.noon.com/uae-en/gym-towel-black/Z4FDF649EAA6C7E365B89Z/p/?o=z4fdf649eaa6c7e365b89z-1
2024-11-17 03:11:04,Z8BCB3E5E62E976607323Z,OASIS-TH 5 Pairs Yoga Socks for Women Nylon Pure Cotton Non slip Section Bandage Sports Ballet Dance Sock Moisture Absorption Perspiration ,OASIS-TH,,,N,59,89,Y,62,https://www.noon.com/uae-en/5-pairs-yoga-socks-for-women-nylon-pure-cotton-non-slip-section-bandage-sports-ballet-dance-sock-moisture-absorption-perspiration/Z8BCB3E5E62E976607323Z/p/?o=z8bcb3e5e62e976607323z-1
2024-11-17 03:11:04,ZC6A5BD7901534C5A9384Z,Longchamp Le Pliage Energy S Small Shoulder Bag Dark Green for Women ,Longchamp,,,N,170.20,Not Available,Y,63,https://www.noon.com/uae-en/le-pliage-energy-s-small-shoulder-bag-dark-green-for-women/ZC6A5BD7901534C5A9384Z/p/?o=zc6a5bd7901534c5a9384z-1
2024-11-17 03:11:04,ZFF6D1886AAD421874DF1Z,Toshionics Anti Slip Fitness Exercise Gym Yoga Mats 4mm Thick For indoor And Outdoor 61x173cm Multicolor ,Toshionics,3.7,3,N,31.75,60,Y,61,https://www.noon.com/uae-en/anti-slip-fitness-exercise-gym-yoga-mats-4mm-thick-for-indoor-and-outdoor-61x173cm-multicolor/ZFF6D1886AAD421874DF1Z/p/?o=zff6d1886aad421874df1z-1
2024-11-17 03:11:04,ZEE9D097C53FC524BCF3DZ,Cool Baby Style COOLBABY Boxing Sandbag Hanging Canvas Hollow Kickboxing Fight Karate Punch Bag with Iron Chain Hook Safety Buckle-120cm ,Cool Baby Style,,,N,75.25,99,Y,59,https://www.noon.com/uae-en/coolbaby-boxing-sandbag-hanging-canvas-hollow-kickboxing-fight-karate-punch-bag-with-iron-chain-hook-safety-buckle-120cm/ZEE9D097C53FC524BCF3DZ/p/?o=zee9d097c53fc524bcf3dz-1
2024-11-17 03:11:04,ZD88801EB3DCE9A13E3E1Z,ZCM-HAPPY 2 Piece Yoga Block Props Brick ,ZCM-HAPPY,4.3,6,N,25,Not Available,Y,60,https://www.noon.com/uae-en/2-piece-yoga-block-props-brick/ZD88801EB3DCE9A13E3E1Z/p/?o=zd88801eb3dce9a13e3e1z-1
2024-11-17 03:11:04,Z2130DCBA24F1310809F6Z,"GROIC Fitness Yoga Mat for Women and Men - Large, 4mm Thick, 68 Inch *24 Inch, Non Slip Exercise Mats w/ 70 Printed Yoga Poses for Pilates, Workout and Stretching - Home and Gym Essentials ",GROIC,,,N,94,200,Y,58,https://www.noon.com/uae-en/fitness-yoga-mat-for-women-and-men-large-4mm-thick-68-inch-24-inch-non-slip-exercise-mats-w-70-printed-yoga-poses-for-pilates-workout-and-stretching-home-and-gym-essentials/Z2130DCBA24F1310809F6Z/p/?o=z2130dcba24f1310809f6z-1
2024-11-17 03:11:04,ZDBC9811F342594FD7E00Z,Adidas Fitness Mat - 7Mm - Maroon ,Adidas,,,N,107.05,115,Y,56,https://www.noon.com/uae-en/fitness-mat-7mm-maroon/ZDBC9811F342594FD7E00Z/p/?o=zdbc9811f342594fd7e00z-1
2024-11-17 03:11:04,ZE3F3A653578F50941C04Z,ZCM-HAPPY Pilates Fitness Circle Ring 38X38cm ,ZCM-HAPPY,,,N,29,35,Y,57,https://www.noon.com/uae-en/pilates-fitness-circle-ring-38x38cm/ZE3F3A653578F50941C04Z/p/?o=ze3f3a653578f50941c04z-1
2024-11-17 03:11:04,ZBC2C47315605486E4CFBZ,SYOSI 2 Pairs Pilates Socks Grip Socks for Women-Non-Slip Yoga Grip Barre Socks for Ballet Dance Barefoot Workout Pregnant Crew Socks ,SYOSI,,,N,38.90,39,Y,55,https://www.noon.com/uae-en/2-pairs-pilates-socks-grip-socks-for-women-non-slip-yoga-grip-barre-socks-for-ballet-dance-barefoot-workout-pregnant-crew-socks/ZBC2C47315605486E4CFBZ/p/?o=zbc2c47315605486e4cfbz-1
2024-11-17 03:11:04,Z2EA7857F7D74C62C9386Z,"GROIC 12 Pack Puzzle Exercise Floor Mat, EVA Foam Mats with Interlocking Floor Tiles, 12'' x 12'' Foam Gym Mat, Protective Flooring Mats Interlocking for Home and Gym Equipment(Blue) ",GROIC,,,N,82.55,400,N,54,https://www.noon.com/uae-en/12-pack-puzzle-exercise-floor-mat-eva-foam-mats-with-interlocking-floor-tiles-12-x-12-foam-gym-mat-protective-flooring-mats-interlocking-for-home-and-gym-equipment-blue/Z2EA7857F7D74C62C9386Z/p/?o=d8a91943080b55cf
2024-11-17 03:11:04,N43250380A,Rock Pow Acupressure Mat 66 x 42cm ,Rock Pow,4.6,3,N,48.15,Not Available,N,53,https://www.noon.com/uae-en/acupressure-mat-66-x-42cm/N43250380A/p/?o=df61c26ed615462f
2024-11-17 03:11:06,Z2736D15A31035545AAFDZ,Manduka Manduka Eko Superlite Travel Mat Anise 71 Inch ,Manduka,,,N,260,Not Available,Y,67,https://www.noon.com/uae-en/manduka-eko-superlite-travel-mat-anise-71-inch/Z2736D15A31035545AAFDZ/p/?o=z2736d15a31035545aafdz-1
2024-11-17 03:11:06,N16543590A,Generic Deep Tissue Massage Foam Roller 13x6inch ,Generic,4.6,71,N,25.40,Not Available,Y,64,https://www.noon.com/uae-en/deep-tissue-massage-foam-roller-13x6inch/N16543590A/p/?o=d4f9824b71d7f4ba
2024-11-17 03:11:06,N43426676A,Generic Gym Sack Drawstring Backpack Water-Resistant 43x33x1cm 43x33x1cm ,Generic,4.5,57,N,38.25,Not Available,Y,63,https://www.noon.com/uae-en/gym-sack-drawstring-backpack-water-resistant-43x33x1cm-43x33x1cm/N43426676A/p/?o=d3b63e351971122f
2024-11-17 03:11:06,N16573456V,Toesox Ballerina Full Toe Socks ,Toesox,,,N,100,Not Available,Y,65,https://www.noon.com/uae-en/ballerina-full-toe-socks/N16573456V/p/?o=e98d2455c93272dd
2024-11-17 03:11:06,Z1DD80AB6D2A71FB6BD5EZ,Gaiam 6Mm Premium Metallic Medallion Yoga Mat ,Gaiam,5.0,1,N,70,200,Y,62,https://www.noon.com/uae-en/6mm-premium-metallic-medallion-yoga-mat/Z1DD80AB6D2A71FB6BD5EZ/p/?o=z1dd80ab6d2a71fb6bd5ez-1
2024-11-17 03:11:06,Z904992167BDFC8D3BD1FZ,Dayco Premium Men's Smoked Ballerina Bamboo Socks Set of 6 ,Dayco,,,N,51.75,52.25,Y,60,https://www.noon.com/uae-en/premium-men-s-smoked-ballerina-bamboo-socks-set-of-6/Z904992167BDFC8D3BD1FZ/p/?o=da2a5ed43825f76c
2024-11-17 03:11:06,N16620092A,Generic Yoga Gym Swiss Ball 75cm 75cm ,Generic,4.4,445,N,41.50,Not Available,Y,57,https://www.noon.com/uae-en/yoga-gym-swiss-ball-75cm-75cm/N16620092A/p/?o=ce308727bb9e52ac
2024-11-17 03:11:06,Z5F2BDFDE23DEA06C4939Z,ZCM-HAPPY 2 Piece Yoga Block Props Brick ,ZCM-HAPPY,4.5,4,N,25,Not Available,Y,61,https://www.noon.com/uae-en/2-piece-yoga-block-props-brick/Z5F2BDFDE23DEA06C4939Z/p/?o=z5f2bdfde23dea06c4939z-1
2024-11-17 03:11:06,N30510957A,Generic Set Of 2 Yoga Block Props Brick ,Generic,4.7,35,N,30.45,Not Available,Y,59,https://www.noon.com/uae-en/set-of-2-yoga-block-props-brick/N30510957A/p/?o=da284812d39a3a2c
2024-11-17 03:11:06,Z4C22E47EFBB3FF21AA94Z,YOGA High Quality Natural Rubber Yoga Mat Anti Slip Fits All Yoga Exercises Easy To Clean And Anti Absorbent All Liquids Types ,YOGA,4.0,1,N,89,175,Y,58,https://www.noon.com/uae-en/high-quality-natural-rubber-yoga-mat-anti-slip-fits-all-yoga-exercises-easy-to-clean-and-anti-absorbent-all-liquids-types/Z4C22E47EFBB3FF21AA94Z/p/?o=z4c22e47efbb3ff21aa94z-1
2024-11-17 03:11:06,Z7F6B3B84F83A859C59FCZ,Gaiam Yoga Mat Bag ,Gaiam,,,N,16.85,309,Y,56,https://www.noon.com/uae-en/yoga-mat-bag/Z7F6B3B84F83A859C59FCZ/p/?o=z7f6b3b84f83a859c59fcz-1
2024-11-17 03:11:06,Z7629AECE3D1738ADB979Z,DBLEW Professional 9mm Thick Anti Fatigue Yoga Mat Knees Supportive Non Slip Fitness Home Exercise Eco Friendly Ideal For All Types Of Pilates Floor Workouts Gym Stretching Grip Rug 60x185cm ,DBLEW,3.6,5,N,37.15,100,Y,55,https://www.noon.com/uae-en/professional-9mm-thick-anti-fatigue-yoga-mat-knees-supportive-non-slip-fitness-home-exercise-eco-friendly-ideal-for-all-types-of-pilates-floor-workouts-gym-stretching-grip-rug-60x185cm/Z7629AECE3D1738ADB979Z/p/?o=z7629aece3d1738adb979z-1
2024-11-17 03:11:02,N14082739A,Kanteen Store Portable Pilates Yoga Belt ,,4.4,322,N,45.45,Not Available,Y,56,https://www.noon.com/uae-en/portable-pilates-yoga-belt/N14082739A/p/?o=e3cb4bb50a3adedf
2024-11-17 03:11:06,Z789A0F3D2DC9915C5BC0Z,"HY 2 Pcs Resistance Bands, Elastic Exercise Bands for Working Out, Physical Therapy, Recovery, Yoga, Pilates, Strength Training ",HY,,,N,34.45,74,Y,51,https://www.noon.com/uae-en/2-pcs-resistance-bands-elastic-exercise-bands-for-working-out-physical-therapy-recovery-yoga-pilates-strength-training/Z789A0F3D2DC9915C5BC0Z/p/?o=z789a0f3d2dc9915c5bc0z-1
2024-11-17 03:11:06,Z303ABA78CAF410F9E5D3Z,"Hihonor Leg Stretcher Strap, Backbend Training Belt with Door Anchor, Flexibility Trainer Stretching Equipment Assist Stretch Strap for Fitness Gymnastics Dance Aerial Yoga Ballet ",Hihonor,,,N,49,Not Available,N,53,https://www.noon.com/uae-en/leg-stretcher-strap-backbend-training-belt-with-door-anchor-flexibility-trainer-stretching-equipment-assist-stretch-strap-for-fitness-gymnastics-dance-aerial-yoga-ballet/Z303ABA78CAF410F9E5D3Z/p/?o=d5e03e06684d6b7e
2024-11-17 03:11:06,Z24D11316628E16B0BB6DZ,DBLEW Professional 7mm Thick Anti Fatigue Yoga Mat Knees Supportive Anti Slip Fitness Home Exercise EVA Eco Friendly Ideal For All Types Of Pilates Floor ABS Belly Tummy Fat Workouts Gym Stretching 90x190cm ,DBLEW,,,N,40.15,100,Y,52,https://www.noon.com/uae-en/professional-7mm-thick-anti-fatigue-yoga-mat-knees-supportive-anti-slip-fitness-home-exercise-eva-eco-friendly-ideal-for-all-types-of-pilates-floor-abs-belly-tummy-fat-workouts-gym-stretching-90x190cm/Z24D11316628E16B0BB6DZ/p/?o=z24d11316628e16b0bb6dz-1
2024-11-17 03:11:06,N41312620A,Body Builder Yoga Roller Column 33cm ,Body Builder,4.6,10,N,31.95,Not Available,N,54,https://www.noon.com/uae-en/yoga-roller-column-33cm/N41312620A/p/?o=df6fa9f37801065e
2024-11-17 03:11:06,Z717157531B847D80D1F9Z,ZCM-HAPPY 2 Piece Set Of Yoga Props Bricks ,ZCM-HAPPY,4.7,7,N,25,Not Available,Y,49,https://www.noon.com/uae-en/2-piece-set-of-yoga-props-bricks/Z717157531B847D80D1F9Z/p/?o=z717157531b847d80d1f9z-1
2024-11-17 03:11:08,Z119C89E344DB078E3FBEZ,Generic 6 Pairs Anti Slip Yoga Socks For Women，Non Slip Socks Pilates Socks For Yoga，Pilates，Ballet，Dance，Workout ,Generic,,,N,45,Not Available,Y,67,https://www.noon.com/uae-en/6-pairs-anti-slip-yoga-socks-for-women-non-slip-socks-pilates-socks-for-yoga-pilates-ballet-dance-workout/Z119C89E344DB078E3FBEZ/p/?o=z119c89e344db078e3fbez-1
2024-11-17 03:11:08,N44860044A,kings Yoga Column Foam Roller Hollow Massage Bar Fitness Equipment 14*33cm ,kings,3.7,7,N,29.90,38.15,N,66,https://www.noon.com/uae-en/yoga-column-foam-roller-hollow-massage-bar-fitness-equipment-14-33cm/N44860044A/p/?o=a2987492e05fd34b
2024-11-17 03:11:08,Z7DC5AC5B37F1E62F1E4BZ,"Generic Yoga Socks for Non-Slip Women Sock Five Toe with Grips Toeless One Size for Yoga, Barre, Pilates, Dance ",Generic,,,N,34,49.90,Y,63,https://www.noon.com/uae-en/yoga-socks-for-non-slip-women-sock-five-toe-with-grips-toeless-one-size-for-yoga-barre-pilates-dance/Z7DC5AC5B37F1E62F1E4BZ/p/?o=z7dc5ac5b37f1e62f1e4bz-1
2024-11-17 03:11:06,N44711401A,ProSource Premium 1/2-Inch Extra Thick 71-Inch Long High Density Exercise Yoga Mat with Comfort Foam and Carrying Case 183*61*6cm ,ProSource,,,N,39,Not Available,Y,50,https://www.noon.com/uae-en/premium-1-2-inch-extra-thick-71-inch-long-high-density-exercise-yoga-mat-with-comfort-foam-and-carrying-case-183-61-6cm/N44711401A/p/?o=b17835631a01005a
2024-11-17 03:11:08,N16543649A,Generic Resistance Exercise Balance Ball ,Generic,4.1,10,N,125.95,Not Available,Y,64,https://www.noon.com/uae-en/resistance-exercise-balance-ball/N16543649A/p/?o=a562d40761616a0f
2024-11-17 03:11:08,N14073762A,Generic Double Sand Weight ,Generic,4.0,57,N,38.15,Not Available,Y,65,https://www.noon.com/uae-en/double-sand-weight/N14073762A/p/?o=c0e4a777dab81cca
2024-11-17 03:11:08,Z295BA925E0F2CDA5975BZ,Huitich Premium NBR Yoga Mat Comfort Durability and Style Assorted 183x61x1cm ,Huitich,,,N,31,150,Y,62,https://www.noon.com/uae-en/premium-nbr-yoga-mat-comfort-durability-and-style-assorted-183x61x1cm/Z295BA925E0F2CDA5975BZ/p/?o=z295ba925e0f2cda5975bz-1
2024-11-17 03:11:08,Z21C2865125ADAEE9D044Z,Adidas Fitness Mat - 7Mm - Blue ,Adidas,,,N,107.05,115,Y,56,https://www.noon.com/uae-en/fitness-mat-7mm-blue/Z21C2865125ADAEE9D044Z/p/?o=z21c2865125adaee9d044z-1
2024-11-17 03:11:08,Z027D99E609B451C92CE3Z,Gaiam 5MM JUTE YOGA MAT ,Gaiam,,,N,108.60,269,Y,57,https://www.noon.com/uae-en/5mm-jute-yoga-mat/Z027D99E609B451C92CE3Z/p/?o=z027d99e609b451c92ce3z-1
2024-11-17 03:11:08,Z70DB7CD03A6A9E18000CZ,Generic 6 Pairs Anti Slip Yoga Socks For Women，Non Slip Socks Pilates Socks For Yoga，Pilates，Ballet，Dance，Workout ,Generic,,,N,42,Not Available,Y,58,https://www.noon.com/uae-en/6-pairs-anti-slip-yoga-socks-for-women-non-slip-socks-pilates-socks-for-yoga-pilates-ballet-dance-workout/Z70DB7CD03A6A9E18000CZ/p/?o=z70db7cd03a6a9e18000cz-1
2024-11-17 03:11:08,Z83C0CF7F318B34E6EED3Z,"GROIC Yoga Mat Towel with Corner Pockets, Non Slip Sweat Absorbent Hot Yoga Towels, Soft Yoga Blankets with Travel Bag, Skidless Mat Cover for Workout, Gym, Fitness - 72.8""x 24.8"" ",GROIC,,,N,99.95,200,N,55,https://www.noon.com/uae-en/yoga-mat-towel-with-corner-pockets-non-slip-sweat-absorbent-hot-yoga-towels-soft-yoga-blankets-with-travel-bag-skidless-mat-cover-for-workout-gym-fitness-72-8-x-24-8/Z83C0CF7F318B34E6EED3Z/p/?o=eff44619700165fb
2024-11-17 03:11:08,N49400658A,Generic Modal Flared Bottom Yoga Pants S Size ,Generic,,,N,44.40,89,Y,54,https://www.noon.com/uae-en/modal-flared-bottom-yoga-pants-s-size/N49400658A/p/?o=bdeb109ebb9d000a
2024-11-17 03:11:08,ZED2A7643E8A923750A69Z,"Generic Yoga Strap - Stretching Strap, 12 Loops Yoga Stretch Strap, Non-elastic Stretch Band for Physical Therapy, Pilates, Dance and Gymnastics with Carry Bag ",Generic,3.6,3,N,36,Not Available,Y,59,https://www.noon.com/uae-en/yoga-strap-stretching-strap-12-loops-yoga-stretch-strap-non-elastic-stretch-band-for-physical-therapy-pilates-dance-and-gymnastics-with-carry-bag/ZED2A7643E8A923750A69Z/p/?o=zed2a7643e8a923750a69z-1
2024-11-17 03:11:08,N16660112A,Fitness World Pair Of Sand Weight Bag 3kg ,Fitness World,4.1,29,N,33.90,37.75,N,52,https://www.noon.com/uae-en/pair-of-sand-weight-bag-3kg/N16660112A/p/?o=a952fb4370d1e08c
2024-11-17 03:11:08,Z986AF669ECA902372325Z,Generic The World's Best Eco Friendly Non Slip Yoga Mat With The ORIGINAL Unique Alignment Marker System Biodegradable Mat Made With Natural Rubber  A Warrior Like Grip 183*68*0.5cm ,Generic,,,N,143.10,179,Y,53,https://www.noon.com/uae-en/the-world-s-best-eco-friendly-non-slip-yoga-mat-with-the-original-unique-alignment-marker-system-biodegradable-mat-made-with-natural-rubber-a-warrior-like-grip-183-68-0-5cm/Z986AF669ECA902372325Z/p/?o=z986af669eca902372325z-1
2024-11-17 03:11:08,N34152615A,Generic 2-Piece Yoga Brick Block Set ,Generic,4.7,14,N,31.45,Not Available,Y,49,https://www.noon.com/uae-en/2-piece-yoga-brick-block-set/N34152615A/p/?o=b02f5b68f15dd05a
2024-11-17 03:11:08,Z9F9959795903122BD6DEZ,PUMA Z9F9959795903122BD6DEZ ,PUMA,,,N,139,249,Y,48,https://www.noon.com/uae-en/z9f9959795903122bd6dez/Z9F9959795903122BD6DEZ/p/?o=z9f9959795903122bd6dez-1
2024-11-17 03:11:08,N11005260A,BODY SCULPTURE Yoga Brick 150grams ,BODY SCULPTURE,5.0,1,N,19,50,Y,42,https://www.noon.com/uae-en/yoga-brick-150grams/N11005260A/p/?o=f1a8fc18008ab22f
2024-11-17 03:11:08,Z1236261B470D38E2E9E8Z,"Generic Cellulite Roller for Thighs,Buttocks,Leg, Arms,Round Massager Roller For Waist Abdominal Muscles Ring Leg Clip Stovepipe To Clear The Meridian Portable Anti Cellulite Massager ",Generic,4.4,6,N,129,209,Y,40,https://www.noon.com/uae-en/cellulite-roller-for-thighs-buttocks-leg-arms-round-massager-roller-for-waist-abdominal-muscles-ring-leg-clip-stovepipe-to-clear-the-meridian-portable-anti-cellulite-massager/Z1236261B470D38E2E9E8Z/p/?o=z1236261b470d38e2e9e8z-1
2024-11-17 03:11:08,Z44C4C461B33E84557B00Z,"RIOXS Yoga Pilates Kits-Non Slip Yoga Mat with 5 Pieces Stretch Strap,10mm Thick Exercise Mat,1500x150x0.35mm Stretching Band,For Pilates Yoga Workout,Home Gym Mat And Resistance Bands,With Carry Bag ",RIOXS,,,N,66.25,153,Y,46,https://www.noon.com/uae-en/yoga-pilates-kits-non-slip-yoga-mat-with-5-pieces-stretch-strap-10mm-thick-exercise-mat-1500x150x0-35mm-stretching-band-for-pilates-yoga-workout-home-gym-mat-and-resistance-bands-with-carry-bag/Z44C4C461B33E84557B00Z/p/?o=z44c4c461b33e84557b00z-1
2024-11-17 03:11:08,ZD42C035380F5D243F64CZ,Prickly Pear Prickly Pear Swirl Non-Slip Suede Top 1mm Travel Yoga Mat - Lightweight Exercise Mat ,Prickly Pear,,,N,128,240,Y,41,https://www.noon.com/uae-en/prickly-pear-swirl-non-slip-suede-top-1mm-travel-yoga-mat-lightweight-exercise-mat/ZD42C035380F5D243F64CZ/p/?o=zd42c035380f5d243f64cz-1
2024-11-17 03:11:08,ZF84D91CF00A0E1DAE427Z,DBLEW Professional 7mm Thick Anti Fatigue Yoga Mat Knees Supportive Anti Slip Fitness Home Exercise EVA Eco Friendly Ideal For All Types Of Pilates Floor ABS Belly Tummy Fat Workouts Gym Stretching 90x190cm ,DBLEW,,,N,40.15,100,Y,36,https://www.noon.com/uae-en/professional-7mm-thick-anti-fatigue-yoga-mat-knees-supportive-anti-slip-fitness-home-exercise-eva-eco-friendly-ideal-for-all-types-of-pilates-floor-abs-belly-tummy-fat-workouts-gym-stretching-90x190cm/ZF84D91CF00A0E1DAE427Z/p/?o=zf84d91cf00a0e1dae427z-1
2024-11-17 03:11:08,Z7C3B90A0E38554FB788DZ,"Generic Exercise Skipping Mat, Yoga Mat, Jump Rope Mat, Pilates Workouts Stretching Mat, Anti Slip Exercising Mat For CrossFit Fitness, Yoga, Aerobics, Athletes, For Home Gym, Indoor and Outdoor ",Generic,,,N,63,108,Y,38,https://www.noon.com/uae-en/exercise-skipping-mat-yoga-mat-jump-rope-mat-pilates-workouts-stretching-mat-anti-slip-exercising-mat-for-crossfit-fitness-yoga-aerobics-athletes-for-home-gym-indoor-and-outdoor/Z7C3B90A0E38554FB788DZ/p/?o=z7c3b90a0e38554fb788dz-1
2024-11-17 03:11:08,N43426708A,Generic Lightweight Bicycle Helmet With Visor 27x25x15cm 27x25x15cm ,Generic,4.3,55,N,30.20,30.65,Y,39,https://www.noon.com/uae-en/lightweight-bicycle-helmet-with-visor-27x25x15cm-27x25x15cm/N43426708A/p/?o=d8a63aa6e8d9aaad
2024-11-17 03:11:08,ZC8FF1D1F1EE38C20E5EBZ,Generic Peanut Massage Ball Yoga Roller ,Generic,5.0,1,N,29,56.80,Y,30,https://www.noon.com/uae-en/peanut-massage-ball-yoga-roller/ZC8FF1D1F1EE38C20E5EBZ/p/?o=zc8ff1d1f1ee38c20e5ebz-1
2024-11-17 03:11:08,Z49B29A165B21554214D9Z,Generic Foam Roller Yoga Fitness BLACK ,Generic,5.0,1,N,43.45,55,Y,28,https://www.noon.com/uae-en/foam-roller-yoga-fitness-black/Z49B29A165B21554214D9Z/p/?o=z49b29a165b21554214d9z-1
2024-11-17 03:11:08,ZE866BF268E3D5CBB064AZ,"FFA SPORTS Fitness for All FFA SPORTS Extra 10mm Thick Exercise Mat Non Slip with Carrying Strap Ideal for Pilates, Yoga and Many Other Home Workouts ",FFA SPORTS Fitness for All,,,N,44,50,Y,26,https://www.noon.com/uae-en/ffa-sports-extra-10mm-thick-exercise-mat-non-slip-with-carrying-strap-ideal-for-pilates-yoga-and-many-other-home-workouts/ZE866BF268E3D5CBB064AZ/p/?o=ze866bf268e3d5cbb064az-1
2024-11-17 03:11:08,Z7E9451BC8DAFD1D2386DZ,Prickly Pear Prickly Pear Non-Slip Suede Top 1mm Travel Yoga Mat - Ideal for Travel Workouts ,Prickly Pear,,,N,128,240,Y,34,https://www.noon.com/uae-en/prickly-pear-non-slip-suede-top-1mm-travel-yoga-mat-ideal-for-travel-workouts/Z7E9451BC8DAFD1D2386DZ/p/?o=z7e9451bc8dafd1d2386dz-1
2024-11-17 03:11:08,Z8CC83DF00143B9432D5FZ,Generic Intelligent punch force tester Punch explosive force tester Force tester vent target sandbag wall target sandbag ,Generic,4.1,3,N,128,160,Y,22,https://www.noon.com/uae-en/intelligent-punch-force-tester-punch-explosive-force-tester-force-tester-vent-target-sandbag-wall-target-sandbag/Z8CC83DF00143B9432D5FZ/p/?o=z8cc83df00143b9432d5fz-1
2024-11-17 03:11:08,Z16D326B5D0403A77BE29Z,Reebok Studio Yoga Mat ,Reebok,,,N,87,145,Y,16,https://www.noon.com/uae-en/studio-yoga-mat/Z16D326B5D0403A77BE29Z/p/?o=z16d326b5d0403a77be29z-1
2024-11-17 03:11:08,ZA9BFB7369713E4E6A4A8Z,GROIC 5 Pcs Pilates Ring Set Yoga Fitness Magic Circle Pilates Equipment for Home Workouts Fitness kit Includes Burst Resistant Pilates Mini Ball & Highly Elastic Resistance Bands ,GROIC,,,N,89.60,400,Y,17,https://www.noon.com/uae-en/5-pcs-pilates-ring-set-yoga-fitness-magic-circle-pilates-equipment-for-home-workouts-fitness-kit-includes-burst-resistant-pilates-mini-ball-highly-elastic-resistance-bands/ZA9BFB7369713E4E6A4A8Z/p/?o=za9bfb7369713e4e6a4a8z-1
2024-11-17 03:11:08,Z166CFFAB78D35C181A54Z,Generic Sports Fitness Pilates Circle Yoga Ring For Women 38X38cm Pink ,Generic,,,N,27.90,55,Y,12,https://www.noon.com/uae-en/sports-fitness-pilates-circle-yoga-ring-for-women-38x38cm-pink/Z166CFFAB78D35C181A54Z/p/?o=z166cffab78d35c181a54z-1
2024-11-17 03:11:08,Z06ECD4AFFD195635A4CBZ,ZCM-HAPPY Stretching aid for exercise thin calf ,ZCM-HAPPY,,,N,25,Not Available,Y,10,https://www.noon.com/uae-en/stretching-aid-for-exercise-thin-calf/Z06ECD4AFFD195635A4CBZ/p/?o=z06ecd4affd195635a4cbz-1
2024-11-17 03:11:06,Z3BF125B2FF2A57F228C4Z,"Y&D Yoga Socks, 2 Pairs Pilates Socks for Women with Grips & Straps, Easy to Put On, Cotton Pilates, Barre, Ballet, Dance, Barefoot Workout Black Grey ",Y&D,,,N,39.40,59.30,Y,48,https://www.noon.com/uae-en/yoga-socks-2-pairs-pilates-socks-for-women-with-grips-straps-easy-to-put-on-cotton-pilates-barre-ballet-dance-barefoot-workout-black-grey/Z3BF125B2FF2A57F228C4Z/p/?o=z3bf125b2ff2a57f228c4z-1
2024-11-17 03:11:06,N16660086A,Fitness World Exercise Swiss Ball 75cm ,Fitness World,4.2,48,N,30.05,38,N,47,https://www.noon.com/uae-en/exercise-swiss-ball-75cm/N16660086A/p/?o=d2973e7b4167d33b
2024-11-17 03:11:06,Z05402886C913AB3EEB09Z,SYOSI Resistance Bands Professional Exercise Bands Long Natural Latex Elastic Bands ,SYOSI,4.7,13,N,27.90,32.70,N,46,https://www.noon.com/uae-en/resistance-bands-professional-exercise-bands-long-natural-latex-elastic-bands/Z05402886C913AB3EEB09Z/p/?o=e49140bbbf45dedc
2024-11-17 03:11:06,ZD0827876BD2CB24594E5Z,DBLEW 4mm Thick Yoga Mat Knees Supportive Anti Slip Fitness Home Exercise Eco Friendly Ideal For All Types Of Pilates Floor Workouts Gym Stretching 61x173cm ,DBLEW,3.0,4,N,33.95,50,Y,42,https://www.noon.com/uae-en/4mm-thick-yoga-mat-knees-supportive-anti-slip-fitness-home-exercise-eco-friendly-ideal-for-all-types-of-pilates-floor-workouts-gym-stretching-61x173cm/ZD0827876BD2CB24594E5Z/p/?o=zd0827876bd2cb24594e5z-1
2024-11-17 03:11:06,Z64EE8D8F808FF4902AEDZ,"MahMir Mahmir EVA Foam Roller for Yoga, Deep Tissue Massage, Stretching, Physical Therapy, Relieve Stress, Improve Mobility with Foam Roller for Legs and Muscles - Deep Tissue Massage Tool (Black) ",MahMir,3.0,10,N,26.70,29.95,Y,40,https://www.noon.com/uae-en/mahmir-eva-foam-roller-for-yoga-deep-tissue-massage-stretching-physical-therapy-relieve-stress-improve-mobility-with-foam-roller-for-legs-and-muscles-deep-tissue-massage-tool-black/Z64EE8D8F808FF4902AEDZ/p/?o=z64ee8d8f808ff4902aedz-1
2024-11-17 03:11:06,ZA5B085E0D46F3F90A723Z,Long Mat Bag Le Pliage Original Large Black Tote Bag with Handle for Women L1899089001 ,Long,,,N,158.85,Not Available,Y,41,https://www.noon.com/uae-en/mat-bag-le-pliage-original-large-black-tote-bag-with-handle-for-women-l1899089001/ZA5B085E0D46F3F90A723Z/p/?o=za5b085e0d46f3f90a723z-1
2024-11-17 03:11:08,N13542999A,Generic Fitness Floating Point Yoga Foam Roller ,Generic,4.4,110,N,33.55,Not Available,Y,4,https://www.noon.com/uae-en/fitness-floating-point-yoga-foam-roller/N13542999A/p/?o=eca4622eec13d37e
2024-11-17 03:11:06,Z4E94910F3A4B894AB81EZ,"Depend Liner Socks Invisible Boat Shoe Socks Heelless Sock Breathable Hidden Liner For Summer Women Slip On Sneakers 4 Pairs (Black, Gray, Skin Color, White) ",Depend,,,N,49.50,55,Y,36,https://www.noon.com/uae-en/liner-socks-invisible-boat-shoe-socks-heelless-sock-breathable-hidden-liner-for-summer-women-slip-on-sneakers-4-pairs-black-gray-skin-color-white/Z4E94910F3A4B894AB81EZ/p/?o=z4e94910f3a4b894ab81ez-1
2024-11-17 03:11:06,ZF96CD23DE40705E5E5ECZ,"AIWANTO Beach Blanket Waterproof Sandproof 2.1M*2M- Large Beach Blanket Sandproof Fits for 4-6 Adults, Waterproof Beach Mat with Zipper Pocket, Outdoor Beach Mat for Travel, Camping, Hiking ",AIWANTO,,,N,34.95,100,Y,37,https://www.noon.com/uae-en/beach-blanket-waterproof-sandproof-2-1m-2m-large-beach-blanket-sandproof-fits-for-4-6-adults-waterproof-beach-mat-with-zipper-pocket-outdoor-beach-mat-for-travel-camping-hiking/ZF96CD23DE40705E5E5ECZ/p/?o=zf96cd23de40705e5e5ecz-1
2024-11-17 03:11:06,N44860791A,Kanteen Store Anti Burst Yoga Ball  Fitness Gym Exercise Home Pregnancy 65cm ,Kanteen Store,3.7,8,N,30.50,Not Available,Y,38,https://www.noon.com/uae-en/anti-burst-yoga-ball-fitness-gym-exercise-home-pregnancy-65cm/N44860791A/p/?o=aab53a1167db93ce
2024-11-17 03:11:06,Z9F31E1F2B638E7A6B809Z,"ShebSheb 5 PCS Cooling Ice Gym Towel for Neck, Microfiber Cool Towel, Soft Breathable Chilly Towel for Yoga, Sports, Golf, Gym, Camping, Running, Fitness, Workout & More Activities ",ShebSheb,,,N,30.50,Not Available,Y,33,https://www.noon.com/uae-en/5-pcs-cooling-ice-gym-towel-for-neck-microfiber-cool-towel-soft-breathable-chilly-towel-for-yoga-sports-golf-gym-camping-running-fitness-workout-more-activities/Z9F31E1F2B638E7A6B809Z/p/?o=z9f31e1f2b638e7a6b809z-1
2024-11-17 03:11:06,Z289B3A2E126D59A5F635Z,Gaiam YOGA BEGINNERS KIT PURPLE ,Gaiam,,,N,183.60,Not Available,Y,32,https://www.noon.com/uae-en/yoga-beginners-kit-purple/Z289B3A2E126D59A5F635Z/p/?o=z289b3a2e126d59a5f635z-1
2024-11-17 03:11:06,N16529621A,body heart Yoga Ball With Air Pump - 75 cm 75cm ,body heart,3.4,26,N,30.35,37.75,N,39,https://www.noon.com/uae-en/yoga-ball-with-air-pump-75-cm-75cm/N16529621A/p/?o=b4311ea3efd0d8fd
2024-11-17 03:11:06,Z9845E8204E4F66837365Z,"YOGA Yoga Socks With Grips For Women, 2 Pairs Non Slip Cotton And Stretchy Toe Socks In Black And Gray, For Pilates, Barre, Ballet, Fitness ",YOGA,,,N,59,118,Y,31,https://www.noon.com/uae-en/yoga-socks-with-grips-for-women-2-pairs-non-slip-cotton-and-stretchy-toe-socks-in-black-and-gray-for-pilates-barre-ballet-fitness/Z9845E8204E4F66837365Z/p/?o=z9845e8204e4f66837365z-1
2024-11-17 03:11:06,Z1E7740B40C8B4ABF9371Z,"Excefore Yoga Barre Socks, Non Slip Anti Skid Sticky Silicone Grips Cotton Socks for Yoga Pilates Gym Pure Ballet Dance Barefoot Workout, Ankle Multiuse Socks, Black Grey Skin Color 3Pcs ",Excefore,,,N,72.40,Not Available,Y,34,https://www.noon.com/uae-en/yoga-barre-socks-non-slip-anti-skid-sticky-silicone-grips-cotton-socks-for-yoga-pilates-gym-pure-ballet-dance-barefoot-workout-ankle-multiuse-socks-black-grey-skin-color-3pcs/Z1E7740B40C8B4ABF9371Z/p/?o=z1e7740b40c8b4abf9371z-1
2024-11-17 03:11:06,Z7A2FA1C404D2CCDE42DEZ,Gaiam 4Mm Classic Printed Mandala Yoga Mat ,Gaiam,5.0,1,N,39,110,Y,28,https://www.noon.com/uae-en/4mm-classic-printed-mandala-yoga-mat/Z7A2FA1C404D2CCDE42DEZ/p/?o=z7a2fa1c404d2ccde42dez-1
2024-11-17 03:11:06,Z1BA7F8A85269F90D7440Z,Inder Yoga Sticks Training for Posture Corrector Humpback Correction Stick Yoga Open Back Men Women Posture Trainer Corrector ,Inder,2.7,5,N,23.30,39,Y,30,https://www.noon.com/uae-en/yoga-sticks-training-for-posture-corrector-humpback-correction-stick-yoga-open-back-men-women-posture-trainer-corrector/Z1BA7F8A85269F90D7440Z/p/?o=z1ba7f8a85269f90d7440z-1
2024-11-17 03:11:06,N21462369A,MoKo Yoga Blocks 2 Pack Eva Foam Yoga Exercise Bricks 3X9X5inch ,MoKo,4.6,14,N,23.95,Not Available,Y,29,https://www.noon.com/uae-en/yoga-blocks-2-pack-eva-foam-yoga-exercise-bricks-3x9x5inch/N21462369A/p/?o=cae8ab27a3cbf2cb
2024-11-17 03:11:06,Z1F0C3313AD868140176DZ,SYOSI Resistance Bands Professional Exercise Bands Long Natural Latex Elastic Bands ,SYOSI,5.0,1,N,27.90,32.70,N,26,https://www.noon.com/uae-en/resistance-bands-professional-exercise-bands-long-natural-latex-elastic-bands/Z1F0C3313AD868140176DZ/p/?o=cace65d9dc5c4f8e
2024-11-17 03:11:06,ZB8696FB3A819776AC20BZ,"Depend 3 Pairs Toe Sock, Full Toe Yoga Sock With Gel Tab, Soft Breathable Five Finger Socks, Invisible Boat Socks, Sweat-Absorbent, Deodorant, Anti-friction(Black, White, Skin) ",Depend,,,N,53.10,59,Y,21,https://www.noon.com/uae-en/3-pairs-toe-sock-full-toe-yoga-sock-with-gel-tab-soft-breathable-five-finger-socks-invisible-boat-socks-sweat-absorbent-deodorant-anti-friction-black-white-skin/ZB8696FB3A819776AC20BZ/p/?o=zb8696fb3a819776ac20bz-1
2024-11-17 03:11:06,N27330353A,Fitness World Fitness Yoga Ball 95cm ,Fitness World,4.0,8,N,49.85,Not Available,N,22,https://www.noon.com/uae-en/fitness-yoga-ball-95cm/N27330353A/p/?o=b476ef6fd3346f9f
2024-11-17 03:11:06,ZE302022BCDD355B5D1DFZ,"FFA SPORTS Fitness for All FFA SPORTS Extra 10mm Thick Exercise Mat Non Slip with Carrying Strap Ideal for Pilates, Yoga and Many Other Home Workouts ",FFA SPORTS Fitness for All,,,N,44,50,Y,20,https://www.noon.com/uae-en/ffa-sports-extra-10mm-thick-exercise-mat-non-slip-with-carrying-strap-ideal-for-pilates-yoga-and-many-other-home-workouts/ZE302022BCDD355B5D1DFZ/p/?o=ze302022bcdd355b5d1dfz-1
2024-11-17 03:11:06,ZDA130188CA43370D1EDFZ,ZCM-HAPPY 3D Professional Waist Shape Yoga Wheel ,ZCM-HAPPY,5.0,1,N,69,250,Y,18,https://www.noon.com/uae-en/3d-professional-waist-shape-yoga-wheel/ZDA130188CA43370D1EDFZ/p/?o=zda130188ca43370d1edfz-1
2024-11-17 03:11:06,Z6D22140BD4A5A326AA84Z,"RIOXS Thick Yoga Mat with Carrier Strap, Non-Slip High-density Exercise Mat, Pilates Fitness Mat, Non-toxic Odorless Mat, Easy to Store and Clean, 183*61*0.6cm ",RIOXS,,,N,49.85,59,Y,17,https://www.noon.com/uae-en/thick-yoga-mat-with-carrier-strap-non-slip-high-density-exercise-mat-pilates-fitness-mat-non-toxic-odorless-mat-easy-to-store-and-clean-183-61-0-6cm/Z6D22140BD4A5A326AA84Z/p/?o=z6d22140bd4a5a326aa84z-1
2024-11-17 03:11:06,N28558716A,TOEON Anti-Slip Fitness Gliding Disc 50x70cm ,TOEON,4.5,2,N,13.40,33,Y,13,https://www.noon.com/uae-en/anti-slip-fitness-gliding-disc-50x70cm/N28558716A/p/?o=d80e54d0159b5f1c
2024-11-17 03:11:06,Z52DB1B1C6133E7763739Z,ZCM-HAPPY Yoga Wheel ,ZCM-HAPPY,5.0,1,N,69,Not Available,Y,16,https://www.noon.com/uae-en/yoga-wheel/Z52DB1B1C6133E7763739Z/p/?o=z52db1b1c6133e7763739z-1
2024-11-17 03:11:06,N23818412A,UBOYLI Womens Non Slip Yoga Socks ,UBOYLI,4.0,54,N,23.05,24,Y,11,https://www.noon.com/uae-en/womens-non-slip-yoga-socks/N23818412A/p/?o=fa5ea229d2dd4d3c
2024-11-17 03:11:06,Z634286BF59AE3C73E2C5Z,RIOXS 8 Pairs Non Slip Skid Yoga Pilates Socks for Women and Men Breathable Sports Socks for Yoga Barre Pilates Home Workout ,RIOXS,5.0,3,N,55,Not Available,N,9,https://www.noon.com/uae-en/8-pairs-non-slip-skid-yoga-pilates-socks-for-women-and-men-breathable-sports-socks-for-yoga-barre-pilates-home-workout/Z634286BF59AE3C73E2C5Z/p/?o=c0f28bded3aa477c
2024-11-17 03:11:06,ZDAEB34EEE2F38AD13E80Z,"Ayeeb Portable Foldable Yoga Travel Mat 1MM,100% Natural Portugal Cork Surface Eco-friendly Antimicrobial, Non-slip Rubber Reverse, Versatile use for Gym Pilates Fitness Workout Meditation Beach Swimming Pool Carpet floor, Best Gift to friends and families, Full Color Laser Pattern(LOVE heart) ",Ayeeb,,,N,99,399,Y,12,https://www.noon.com/uae-en/portable-foldable-yoga-travel-mat-1mm-100-natural-portugal-cork-surface-eco-friendly-antimicrobial-non-slip-rubber-reverse-versatile-use-for-gym-pilates-fitness-workout-meditation-beach-swimming-pool-carpet-floor-best-gift-to-friends-and-families-ful/ZDAEB34EEE2F38AD13E80Z/p/?o=zdaeb34eee2f38ad13e80z-1
2024-11-17 03:11:06,N18842285A,Fitness World Yoga Ball 65cm ,Fitness World,3.7,98,N,33.35,Not Available,N,10,https://www.noon.com/uae-en/yoga-ball-65cm/N18842285A/p/?o=d5fb2d434e76aacc
2024-11-17 03:11:06,Z622228D93A841324C164Z,RIOXS Buckwheat Meditation Cushion Round Zabuton Meditation Pad Yoga Fitness Meditation Bolster with Organic Cotton Cover Kneeling Pillow ,RIOXS,5.0,2,N,56,59,N,4,https://www.noon.com/uae-en/buckwheat-meditation-cushion-round-zabuton-meditation-pad-yoga-fitness-meditation-bolster-with-organic-cotton-cover-kneeling-pillow/Z622228D93A841324C164Z/p/?o=fb9dad301b5cfb9e
2024-11-17 03:11:04,N16273426A,Ab Rocket Abdominal Trainer Wheel Roller With Knee Mat ,Ab Rocket,4.3,359,N,26.05,Not Available,N,52,https://www.noon.com/uae-en/abdominal-trainer-wheel-roller-with-knee-mat/N16273426A/p/?o=f35bc3ad327d85ab
2024-11-17 03:11:04,Z8F3CCD36722268B4DBE6Z,"Spall Yoga Mat Non Slip,Yoga Mat with Strap Included 10mm Thick Exercise Mat Yoga and Many Other Home Workouts ",Spall,5.0,3,N,42,80,Y,51,https://www.noon.com/uae-en/yoga-mat-non-slip-yoga-mat-with-strap-included-10mm-thick-exercise-mat-yoga-and-many-other-home-workouts/Z8F3CCD36722268B4DBE6Z/p/?o=z8f3ccd36722268b4dbe6z-1
2024-11-17 03:11:06,ZE5D98E2FD55A24417BE7Z,Toshionics Anti Slip Fitness Exercise Gym Yoga Mats 4mm Thick For indoor And Outdoor 61x173cm ,Toshionics,,,N,31.25,60,Y,5,https://www.noon.com/uae-en/anti-slip-fitness-exercise-gym-yoga-mats-4mm-thick-for-indoor-and-outdoor-61x173cm/ZE5D98E2FD55A24417BE7Z/p/?o=ze5d98e2fd55a24417be7z-1
2024-11-17 03:11:04,Z0F095971CF7A77BEEE8BZ,Loquat Adult Soft Bottom Dance Shoes Ballet Yoga Shoes Dancing Shoes Beige Color ,Loquat,,,N,16,39,Y,48,https://www.noon.com/uae-en/adult-soft-bottom-dance-shoes-ballet-yoga-shoes-dancing-shoes-beige-color/Z0F095971CF7A77BEEE8BZ/p/?o=z0f095971cf7a77beee8bz-11
2024-11-17 03:11:04,N43250381A,Rock Pow Acupressure Body Pain Relief Mat 66 x 42cm ,Rock Pow,2.7,3,N,47.20,119,Y,47,https://www.noon.com/uae-en/acupressure-body-pain-relief-mat-66-x-42cm/N43250381A/p/?o=bcbe5a956bb9b6df
2024-11-17 03:11:04,N41312631A,Body Builder Yoga Roller Column 33cm ,Body Builder,4.7,10,N,35.95,Not Available,N,50,https://www.noon.com/uae-en/yoga-roller-column-33cm/N41312631A/p/?o=a9a5fda31430e29c
2024-11-17 03:11:04,Z2F9046D53376D3F6A8B7Z,Y&D Yoga Barre Socks Non Slip Anti Skid Sticky Silicone Grips Cotton for Pilates Gym Pure Ballet Dance Barefoot Workout Ankle Multiuse Black Grey Skin Color 3Pcs ,Y&D,,,N,48.50,69,Y,49,https://www.noon.com/uae-en/yoga-barre-socks-non-slip-anti-skid-sticky-silicone-grips-cotton-for-pilates-gym-pure-ballet-dance-barefoot-workout-ankle-multiuse-black-grey-skin-color-3pcs/Z2F9046D53376D3F6A8B7Z/p/?o=z2f9046d53376d3f6a8b7z-1
2024-11-17 03:11:04,Z5556A4895CC44B536812Z,"Generic Anti-Slip Fitness Exercise Gym Yoga Mats - 4mm Thick, 61x173cm, for Indoor and Outdoor Use ",Generic,,,Y,38.40,60,Y,43,https://www.noon.com/uae-en/anti-slip-fitness-exercise-gym-yoga-mats-4mm-thick-61x173cm-for-indoor-and-outdoor-use/Z5556A4895CC44B536812Z/p/?o=z5556a4895cc44b536812z-1
2024-11-17 03:11:04,Z788232ABE3508B6DF27EZ,ZCM-HAPPY 2 Piece Yoga Block Props Brick ,ZCM-HAPPY,4.3,4,N,25,Not Available,Y,46,https://www.noon.com/uae-en/2-piece-yoga-block-props-brick/Z788232ABE3508B6DF27EZ/p/?o=z788232abe3508b6df27ez-1
2024-11-17 03:11:04,Z7DC7F2D6381EE7C1E1C1Z,Longchamp Le Pliage Energy L Medium Shoulder Bag Dark Green for Women ,Longchamp,,,N,170.20,Not Available,Y,42,https://www.noon.com/uae-en/le-pliage-energy-l-medium-shoulder-bag-dark-green-for-women/Z7DC7F2D6381EE7C1E1C1Z/p/?o=z7dc7f2d6381ee7c1e1c1z-1
2024-11-17 03:11:04,N43250379A,Rock Pow Yoga Spike Mat 66 x 42cm ,Rock Pow,4.8,4,N,49,119,Y,40,https://www.noon.com/uae-en/yoga-spike-mat-66-x-42cm/N43250379A/p/?o=ddd14961ef997dbf
2024-11-17 03:11:04,N15686965A,QiaoKai Yoga Foam Roller ,QiaoKai,3.8,12,N,45.45,Not Available,Y,41,https://www.noon.com/uae-en/yoga-foam-roller/N15686965A/p/?o=d6245c94364c6c3c
2024-11-17 03:11:04,Z1E16AF8AE508FDDB5A54Z,Maston Anti-Slip Exercise Mat TPE Eco Friendly Fitness Mat for Pilates Non Slip Yoga Mat (6mm) ,Maston,,,N,55,60,Y,39,https://www.noon.com/uae-en/anti-slip-exercise-mat-tpe-eco-friendly-fitness-mat-for-pilates-non-slip-yoga-mat-6mm/Z1E16AF8AE508FDDB5A54Z/p/?o=z1e16af8ae508fddb5a54z-1
2024-11-17 03:11:04,ZB5F2579CDC9F9A6C36F2Z,Generic Fittex Tough Non-Slip 10mm Thick Yoga Mat with Carry Strap 188 x 61 x 1 cm Grey ,Generic,4.5,32,N,35,49,Y,37,https://www.noon.com/uae-en/fittex-tough-non-slip-10mm-thick-yoga-mat-with-carry-strap-188-x-61-x-1-cm-grey/ZB5F2579CDC9F9A6C36F2Z/p/?o=zb5f2579cdc9f9a6c36f2z-1
2024-11-17 03:11:04,Z316A0F72633D19FA6531Z,Manduka ENLIGHT RECTANGULAR BOLSTER INDULGE ,Manduka,,,N,370,Not Available,Y,33,https://www.noon.com/uae-en/enlight-rectangular-bolster-indulge/Z316A0F72633D19FA6531Z/p/?o=z316a0f72633d19fa6531z-1
2024-11-17 03:11:04,Z1DFA4CFA53D9F146B56EZ,Adidas Yoga Mat - 8Mm - Trace Blue ,Adidas,,,N,161.55,175,Y,36,https://www.noon.com/uae-en/yoga-mat-8mm-trace-blue/Z1DFA4CFA53D9F146B56EZ/p/?o=z1dfa4cfa53d9f146b56ez-1
2024-11-17 03:11:04,Z8B2422971EC37416007CZ,"ZCM-HAPPY Yoga Mat with Straps, Non-Slip TPE Pilates Fitness Mat for Home Exercise and Meditation 183x61x0.6cm ",ZCM-HAPPY,4.5,2,N,44,Not Available,Y,38,https://www.noon.com/uae-en/yoga-mat-with-straps-non-slip-tpe-pilates-fitness-mat-for-home-exercise-and-meditation-183x61x0-6cm/Z8B2422971EC37416007CZ/p/?o=z8b2422971ec37416007cz-1
2024-11-17 03:11:04,ZA47988260FD074358D34Z,KINGSMITH Kingsmith WalkingPad Mat ,KINGSMITH,,,N,95,Not Available,Y,32,https://www.noon.com/uae-en/kingsmith-walkingpad-mat/ZA47988260FD074358D34Z/p/?o=za47988260fd074358d34z-1
2024-11-17 03:11:04,ZCD7D3445C7147D937F7BZ,Reebok Yoga Mat - 4MM ,Reebok,,,N,48,80,Y,31,https://www.noon.com/uae-en/yoga-mat-4mm/ZCD7D3445C7147D937F7BZ/p/?o=zcd7d3445c7147d937f7bz-1
2024-11-17 03:11:04,ZE040488403D5B0D95371Z,ZCM-HAPPY Pilates Fitness Circle Ring 38X38centimeter ,ZCM-HAPPY,5.0,1,N,29,35,Y,30,https://www.noon.com/uae-en/pilates-fitness-circle-ring-38x38centimeter/ZE040488403D5B0D95371Z/p/?o=ze040488403d5b0d95371z-1
2024-11-17 03:11:04,ZE9643375BCEDDF0C18E2Z,"HaveDream Women's Yoga Socks, Split-Toe Non-Slip Socks Pilates Socks Five-Toe Sports Socks - Cream White ",HaveDream,,,N,21,28,Y,34,https://www.noon.com/uae-en/women-s-yoga-socks-split-toe-non-slip-socks-pilates-socks-five-toe-sports-socks-cream-white/ZE9643375BCEDDF0C18E2Z/p/?o=ze9643375bceddf0c18e2z-1
2024-11-17 03:11:04,ZA6D20D27FC4BCB6C3980Z,"Oasisgalore Posture Corrector for Adult Kids, Yoga Body Sticks for Posture Corrector, Humpback Correction Stick ",Oasisgalore,,,N,70,Not Available,Y,22,https://www.noon.com/uae-en/posture-corrector-for-adult-kids-yoga-body-sticks-for-posture-corrector-humpback-correction-stick/ZA6D20D27FC4BCB6C3980Z/p/?o=za6d20d27fc4bcb6c3980z-1
2024-11-17 03:11:04,ZD27DC057C375751456AEZ,Yukon 6.5 mm Pilates Mat Yoga Mat Pilates Mat Exercise Mat ,Yukon,,,N,28.75,Not Available,Y,26,https://www.noon.com/uae-en/6-5-mm-pilates-mat-yoga-mat-pilates-mat-exercise-mat/ZD27DC057C375751456AEZ/p/?o=b776a7608174722c
2024-11-17 03:11:04,N20034892A,Generic Anti-Tear Exercise Mat With Carrying Strap 60x10cm 60x10cm ,Generic,4.3,1.4K,N,35.85,648,Y,29,https://www.noon.com/uae-en/anti-tear-exercise-mat-with-carrying-strap-60x10cm-60x10cm/N20034892A/p/?o=bdedd4e89c779cdf
2024-11-17 03:11:04,Z17396F3BAD9F89F82C7CZ,"GGEROU Minimalist barefoot sock shoes for women and men,Non-Slip Beach Shoes Fitness Sports Shoe ",GGEROU,,,N,62.50,77.45,Y,28,https://www.noon.com/uae-en/minimalist-barefoot-sock-shoes-for-women-and-men-non-slip-beach-shoes-fitness-sports-shoe/Z17396F3BAD9F89F82C7CZ/p/?o=z17396f3bad9f89f82c7cz-2
2024-11-17 03:11:04,N11005258A,BODY SCULPTURE Yoga And Exercise Mat With Strap 6ml ,BODY SCULPTURE,4.6,4,N,42.85,79,Y,21,https://www.noon.com/uae-en/yoga-and-exercise-mat-with-strap-6ml/N11005258A/p/?o=fc937d235888d83b
2024-11-17 03:11:04,Z0B890FB207D88CE803BCZ,Reebok Yoga Mat - 4MM ,Reebok,,,N,65,100,Y,17,https://www.noon.com/uae-en/yoga-mat-4mm/Z0B890FB207D88CE803BCZ/p/?o=z0b890fb207d88ce803bcz-1
2024-11-17 03:11:04,ZDA2ED45242DE353FBD3CZ,"FFA SPORTS Fitness for All FFA SPORTS Extra 10mm Thick Exercise Mat Non Slip with Carrying Strap Ideal for Pilates, Yoga and Many Other Home Workouts ",FFA SPORTS Fitness for All,,,N,44,50,Y,18,https://www.noon.com/uae-en/ffa-sports-extra-10mm-thick-exercise-mat-non-slip-with-carrying-strap-ideal-for-pilates-yoga-and-many-other-home-workouts/ZDA2ED45242DE353FBD3CZ/p/?o=zda2ed45242de353fbd3cz-1
2024-11-17 03:11:04,ZC412DDC0AFE482C68F9DZ,Reebok Double Sided 6MM Yoga Mat ,Reebok,,,N,73,131,Y,20,https://www.noon.com/uae-en/double-sided-6mm-yoga-mat/ZC412DDC0AFE482C68F9DZ/p/?o=zc412ddc0afe482c68f9dz-1
2024-11-17 03:11:04,Z7A13FA4694A702584AEBZ,ZCM-HAPPY Portable Pilates Bar Kit with Resistance Bands for Full-Body Toning – Yoga and Pilates Exercise Stick for Home Gym ,ZCM-HAPPY,,,N,29,110,Y,12,https://www.noon.com/uae-en/portable-pilates-bar-kit-with-resistance-bands-for-full-body-toning-yoga-and-pilates-exercise-stick-for-home-gym/Z7A13FA4694A702584AEBZ/p/?o=z7a13fa4694a702584aebz-1
2024-11-17 03:11:04,N38925315A,SAPU 8-Sections Pulling Yoga Band 85x4cm ,SAPU,4.6,14,N,29.60,Not Available,N,10,https://www.noon.com/uae-en/8-sections-pulling-yoga-band-85x4cm/N38925315A/p/?o=a9ab671b17b0d3ce
2024-11-17 03:11:04,N20034893A,Generic Anti-Tear Exercise Mat With Carrying Strap ,Generic,4.5,1.1K,N,34,239,Y,16,https://www.noon.com/uae-en/anti-tear-exercise-mat-with-carrying-strap/N20034893A/p/?o=d6f1ea275e88dc5d
2024-11-17 03:11:04,Z7B5DD06DBFCED14AFA8CZ,DBLEW 4mm Thick Yoga Mat Knees Supportive Anti Slip Fitness Home Exercise Eco Friendly Ideal For All Types Of Pilates Floor Workouts Gym Stretching 61x173cm ,DBLEW,3.8,12,N,27.60,50,Y,11,https://www.noon.com/uae-en/4mm-thick-yoga-mat-knees-supportive-anti-slip-fitness-home-exercise-eco-friendly-ideal-for-all-types-of-pilates-floor-workouts-gym-stretching-61x173cm/Z7B5DD06DBFCED14AFA8CZ/p/?o=z7b5dd06dbfced14afa8cz-1
2024-11-17 03:11:04,ZD87E1538214CD70F4061Z,"SYOSI SYOSI Body Sculpting Machine, Professional Handheld Body Sculpting Massager, Cordless Cellulite Remover Massager for Belly Arms Legs Waist with 8 Replaceable Massage Heads and 1 Mesh Covers ",SYOSI,,,N,199.85,199.95,Y,9,https://www.noon.com/uae-en/syosi-body-sculpting-machine-professional-handheld-body-sculpting-massager-cordless-cellulite-remover-massager-for-belly-arms-legs-waist-with-8-replaceable-massage-heads-and-1-mesh-covers/ZD87E1538214CD70F4061Z/p/?o=zd87e1538214cd70f4061z-1
2024-11-17 03:11:04,Z35C4A888ABDFE2A19209Z,"Joerex Jorex Fitness Hula Hoop 4597(Large/73Cm,Cany @Fs ",Joerex,,,N,25,Not Available,Y,5,https://www.noon.com/uae-en/jorex-fitness-hula-hoop-4597-large-73cm-cany-fs/Z35C4A888ABDFE2A19209Z/p/?o=z35c4a888abdfe2a19209z-1
2024-11-17 03:11:02,Z9A94DDF46EB8B75632A6Z,"Unique 2Pcs Non Slip Yoga Socks for Women,Yoga Socks for Women Non-Slip Grips & Straps, Ideal for Pilates, Pure Barre, Ballet, Dance, Barefoot Workout（Black + Gray） ",Unique,5.0,1,N,25.80,72.95,Y,46,https://www.noon.com/uae-en/2pcs-non-slip-yoga-socks-for-women-yoga-socks-for-women-non-slip-grips-straps-ideal-for-pilates-pure-barre-ballet-dance-barefoot-workout-black-gray/Z9A94DDF46EB8B75632A6Z/p/?o=z9a94ddf46eb8b75632a6z-1
2024-11-17 03:11:04,Z691A3B8C08D72CA569ECZ,"RIGID FITNESS Gym Cooling Towels (3-Pack) - Ice-Sensation Sweat Towel, Quick-Dry Microfiber Cloth for Exercise, Yoga, Running & More - High-Absorbency Cooling Towels for Intense Workouts (100x30cm) ",RIGID FITNESS,4.2,11,N,49.75,Not Available,N,4,https://www.noon.com/uae-en/gym-cooling-towels-3-pack-ice-sensation-sweat-towel-quick-dry-microfiber-cloth-for-exercise-yoga-running-more-high-absorbency-cooling-towels-for-intense-workouts-100x30cm/Z691A3B8C08D72CA569ECZ/p/?o=cd92098fa513df5b
2024-11-17 03:11:04,N26671807A,Bluelans Anti-Skid Breathable Fitness Yoga Socks ,Bluelans,4.6,28,N,20.90,Not Available,N,13,https://www.noon.com/uae-en/anti-skid-breathable-fitness-yoga-socks/N26671807A/p/?o=c38c20fbc7d9007f
2024-11-17 03:11:02,ZD83EBC9E3D4EE9CB4D0DZ,"YOMA Purple Foam Roller for Deep Tissue Massage and Muscle Recovery, Stretching, Physical Therapy, Relieve Stress, Improve Mobility with Foam Roller for Legs and Muscle ",YOMA,5.0,2,N,25,50,Y,41,https://www.noon.com/uae-en/purple-foam-roller-for-deep-tissue-massage-and-muscle-recovery-stretching-physical-therapy-relieve-stress-improve-mobility-with-foam-roller-for-legs-and-muscle/ZD83EBC9E3D4EE9CB4D0DZ/p/?o=zd83ebc9e3d4ee9cb4d0dz-1
2024-11-17 03:11:02,ZAFF4F9A835BAE4B7BC9CZ,DBLEW 4mm Thick Yoga Mat Knees Supportive Anti Slip Fitness Home Exercise Eco Friendly Ideal For All Types Of Pilates Floor Workouts Gym Stretching 61x173cm ,DBLEW,3.3,4,N,28,50,Y,40,https://www.noon.com/uae-en/4mm-thick-yoga-mat-knees-supportive-anti-slip-fitness-home-exercise-eco-friendly-ideal-for-all-types-of-pilates-floor-workouts-gym-stretching-61x173cm/ZAFF4F9A835BAE4B7BC9CZ/p/?o=zaff4f9a835bae4b7bc9cz-1
2024-11-17 03:11:02,N26672267A,Bluelans Women Sport Pilates Yoga Non Slip Grip Socks ,Bluelans,4.4,35,N,25,Not Available,N,38,https://www.noon.com/uae-en/women-sport-pilates-yoga-non-slip-grip-socks/N26672267A/p/?o=ce18cfff6cbd4ccc
2024-11-17 03:11:02,ZD7445E31DDB7FA7F9DA9Z,"Fazza 3 Pairs Non Slip Socks, Women Fashion All Season Socks, Sports Casual Simple Striped Colors, for Pilates Yoga, Barre Ballet Dance, Fitness, Football, Mid-Tube Socks Free Size ",Fazza,4.0,1,N,52.50,75,Y,37,https://www.noon.com/uae-en/3-pairs-non-slip-socks-women-fashion-all-season-socks-sports-casual-simple-striped-colors-for-pilates-yoga-barre-ballet-dance-fitness-football-mid-tube-socks-free-size/ZD7445E31DDB7FA7F9DA9Z/p/?o=zd7445e31ddb7fa7f9da9z-1
2024-11-17 03:11:02,N22815219A,Kanteen Store Anti Burst Sports Swiss Yoga Aerobic Body Fitness Ball 65cm 65cm ,Kanteen Store,4.4,286,N,40.60,44,Y,39,https://www.noon.com/uae-en/anti-burst-sports-swiss-yoga-aerobic-body-fitness-ball-65cm-65cm/N22815219A/p/?o=cd4a3abe48782d5a
2024-11-17 03:11:02,ZFC106593CE0107C71748Z,"ROBUST Robust TPE Yoga Mat, Pilates Double Layer Anti-Slip Eco-Friendly Texture Surface (Size 183cmx 61cm) SGS Certified Position Liens & Hanging Band, Home/Gym Workout Sports Exercise Sports Mattress-Red ",ROBUST,4.7,3,N,68.95,83.95,Y,34,https://www.noon.com/uae-en/robust-tpe-yoga-mat-pilates-double-layer-anti-slip-eco-friendly-texture-surface-size-183cmx-61cm-sgs-certified-position-liens-hanging-band-home-gym-workout-sports-exercise-sports-mattress-red/ZFC106593CE0107C71748Z/p/?o=zfc106593ce0107c71748z-1
2024-11-17 03:11:02,Z24F43F8520548D2CD073Z,"Garlo Stretch Band Strap, Elastic Exercise Stretching Band with 9 Loops for Yoga Physical Therapy Dance Workout Fitness, Stretch Assist - Light Resistance Band for Strength Flexibility Training ",Garlo,,,N,37,52,Y,36,https://www.noon.com/uae-en/stretch-band-strap-elastic-exercise-stretching-band-with-9-loops-for-yoga-physical-therapy-dance-workout-fitness-stretch-assist-light-resistance-band-for-strength-flexibility-training/Z24F43F8520548D2CD073Z/p/?o=z24f43f8520548d2cd073z-1
2024-11-17 03:11:02,ZB20455FFC8C4AAB72E0EZ,RIOXS Yoga Workout Equipment Include Yoga Circle and Yoga Blocks Professional Waist Fitness Gym Workout Yoga Wheel Back Training Tools Fitness Pilates ,RIOXS,5.0,1,N,64,90,Y,33,https://www.noon.com/uae-en/yoga-workout-equipment-include-yoga-circle-and-yoga-blocks-professional-waist-fitness-gym-workout-yoga-wheel-back-training-tools-fitness-pilates/ZB20455FFC8C4AAB72E0EZ/p/?o=zb20455ffc8c4aab72e0ez-1
2024-11-17 03:11:02,Z3D55030256AC953F0B18Z,"ShebSheb 3 Pairs Pilates Grip Socks for Women,Non Slip Yoga Socks ",ShebSheb,4.9,8,N,32.90,Not Available,N,30,https://www.noon.com/uae-en/3-pairs-pilates-grip-socks-for-women-non-slip-yoga-socks/Z3D55030256AC953F0B18Z/p/?o=f31a8b967639b3bf
2024-11-17 03:11:02,N43250382A,Rock Pow Acupressure Spike Mat 66 x 42cm ,Rock Pow,4.3,4,N,47,119,Y,32,https://www.noon.com/uae-en/acupressure-spike-mat-66-x-42cm/N43250382A/p/?o=c510eabcacf34b8f
2024-11-17 03:11:02,ZFAEA6BA1519488AC1896Z,ZCM-HAPPY 2 Piece Set Of Yoga Props Bricks ,ZCM-HAPPY,4.3,2,N,25,Not Available,Y,29,https://www.noon.com/uae-en/2-piece-set-of-yoga-props-bricks/ZFAEA6BA1519488AC1896Z/p/?o=zfaea6ba1519488ac1896z-1
2024-11-17 03:11:02,N37380614A,LIXADA 11-Piece Yoga Resistance Belt With Bag 22x6x19.00cm ,LIXADA,4.3,107,N,24.60,32,Y,28,https://www.noon.com/uae-en/11-piece-yoga-resistance-belt-with-bag-22x6x19-00cm/N37380614A/p/?o=bcb57c8c6a63904a
2024-11-17 03:11:02,ZC840C36F9E4F01DD084AZ,RATSAW Yoga Socks Non Slip Pilates Socks with Straps Cotton Five Toe Grip Socks for Pilates Ballet Barre Barefoot Workout Dance Sweat Absorption ,RATSAW,5.0,1,N,49,Not Available,N,17,https://www.noon.com/uae-en/yoga-socks-non-slip-pilates-socks-with-straps-cotton-five-toe-grip-socks-for-pilates-ballet-barre-barefoot-workout-dance-sweat-absorption/ZC840C36F9E4F01DD084AZ/p/?o=bbabaaae2c0ca78c
2024-11-17 03:11:02,ZED5153C7C5C6EB389D42Z,Reebok Double Sided Yoga Mat - 6MM ,Reebok,,,N,63,131,Y,20,https://www.noon.com/uae-en/double-sided-yoga-mat-6mm/ZED5153C7C5C6EB389D42Z/p/?o=zed5153c7c5c6eb389d42z-1
2024-11-17 03:11:02,ZF1300DCCF4F12BE7E5D9Z,"MELA MELA Non-Slip Yoga Mat for Home Gym - 6mm Thick, Eco-Friendly TPE, Cushioned Exercise Mat with Carry Strap - Perfect for Yoga, Pilates, Fitness Training, & Gymnastics Essentials  - Mint ",MELA,,,N,119,Not Available,Y,26,https://www.noon.com/uae-en/mela-non-slip-yoga-mat-for-home-gym-6mm-thick-eco-friendly-tpe-cushioned-exercise-mat-with-carry-strap-perfect-for-yoga-pilates-fitness-training-gymnastics-essentials-mint/ZF1300DCCF4F12BE7E5D9Z/p/?o=zf1300dccf4f12be7e5d9z-1
2024-11-17 03:11:02,N16529620A,body heart Yoga Ball With Air Pump - 75 cm 75cm 75cm ,body heart,4.1,63,N,31.10,31.60,Y,21,https://www.noon.com/uae-en/yoga-ball-with-air-pump-75-cm-75cm-75cm/N16529620A/p/?o=cb6c4119f171256b
2024-11-17 03:11:02,Z8546FFFC954E5FCA9506Z,Y&D Waist Trimmer for Men Belly Fat Burner Trainer Unisex Workout Neoprene Belt Body Shaper Women Sculpting Back Support and Improved Posture XL ,Y&D,3.0,4,N,41.45,59,Y,22,https://www.noon.com/uae-en/waist-trimmer-for-men-belly-fat-burner-trainer-unisex-workout-neoprene-belt-body-shaper-women-sculpting-back-support-and-improved-posture-xl/Z8546FFFC954E5FCA9506Z/p/?o=z8546fffc954e5fca9506z-1
2024-11-17 03:11:02,Z4247101839A17521A8B9Z,"Spall Yoga Mat Non Slip,Yoga Mat with Strap Included 10mm Thick Exercise Mat Yoga and Many Other Home Workouts ",Spall,5.0,5,N,42,80,Y,18,https://www.noon.com/uae-en/yoga-mat-non-slip-yoga-mat-with-strap-included-10mm-thick-exercise-mat-yoga-and-many-other-home-workouts/Z4247101839A17521A8B9Z/p/?o=z4247101839a17521a8b9z-1
2024-11-17 03:11:02,Z27B189348DAD2773CDD0Z,"RIGID FITNESS Microfiber Gym Towel - Face Towel, Yoga Towel - Quick Dry & High Absorbent Sweat Towel For Gym Exercises and Outdoor - Thick 400Gsm - 75x35cm-Blue ",RIGID FITNESS,5.0,8,N,45.75,Not Available,N,13,https://www.noon.com/uae-en/microfiber-gym-towel-face-towel-yoga-towel-quick-dry-high-absorbent-sweat-towel-for-gym-exercises-and-outdoor-thick-400gsm-75x35cm-blue/Z27B189348DAD2773CDD0Z/p/?o=f5b7d1fb1532282d
2024-11-17 03:11:02,N16529625A,body heart Yoga Ball With Air Pump - 85 cm 85cm 85cm ,body heart,3.9,124,N,52.40,Not Available,Y,16,https://www.noon.com/uae-en/yoga-ball-with-air-pump-85-cm-85cm-85cm/N16529625A/p/?o=abd0bd774caa3bba
2024-11-17 03:11:02,ZA1B269ACFAC7EFA4C86AZ,"YooA 3-Pair Non-slip Yoga Socks, Cotton Pilates Socks with 3D Silicone Particles, Breathable&Moisture-wicking&Machine-washable, Ideal for Yoga/Pilates/Ballet/Dance/Workout (Pink+Black+Grey, Fit Size 36-42) ",YooA,,,N,40,60,Y,11,https://www.noon.com/uae-en/3-pair-non-slip-yoga-socks-cotton-pilates-socks-with-3d-silicone-particles-breathable-moisture-wicking-machine-washable-ideal-for-yoga-pilates-ballet-dance-workout-pink-black-grey-fit-size-36-42/ZA1B269ACFAC7EFA4C86AZ/p/?o=za1b269acfac7efa4c86az-1
2024-11-17 03:11:02,N27330532A,Fitness World Yoga Mat 1meter ,Fitness World,4.4,88,N,31.80,39.75,Y,4,https://www.noon.com/uae-en/yoga-mat-1meter/N27330532A/p/?o=b9b77fe99f710c6e
2024-11-17 03:11:02,N16273364A,Emfil Yoga Mat Blue 62.6cm 62.6cm ,Emfil,4.5,362,N,36.85,40,Y,12,https://www.noon.com/uae-en/yoga-mat-blue-62-6cm-62-6cm/N16273364A/p/?o=f1c2f07384046eef
2024-11-17 03:10:59,Z3E2E257C831381D4E87DZ,"MahMir Mahmir® EVA Foam Roller for Yoga, Deep Tissue Massage, Stretching, Physical Therapy, Relieve Stress, Improve Mobility with Foam Roller for Legs and Muscles - Deep Tissue Massage Tool (Purple) ",MahMir,4.0,3,N,29.95,Not Available,N,41,https://www.noon.com/uae-en/mahmir-eva-foam-roller-for-yoga-deep-tissue-massage-stretching-physical-therapy-relieve-stress-improve-mobility-with-foam-roller-for-legs-and-muscles-deep-tissue-massage-tool-purple/Z3E2E257C831381D4E87DZ/p/?o=d4079efcfcdd6bfe
2024-11-17 03:10:59,Z9743C62986EF85F3D7A2Z,"ShebSheb 3 Pairs Yoga Grip Socks For Women，Pilates Anti Slip Socks Non Slip Socks For Pilates,Yoga, Ballet, Dance ",ShebSheb,4.4,18,N,32.90,Not Available,N,40,https://www.noon.com/uae-en/3-pairs-yoga-grip-socks-for-women-pilates-anti-slip-socks-non-slip-socks-for-pilates-yoga-ballet-dance/Z9743C62986EF85F3D7A2Z/p/?o=e0ee101f5d4c5bfa
2024-11-17 03:10:59,Z8DE7372A006C4309D78BZ,LIMOS Sports Yoga Socks for Women Pack Of 3 Pairs ,LIMOS,5.0,11,N,39,Not Available,N,38,https://www.noon.com/uae-en/sports-yoga-socks-for-women-pack-of-3-pairs/Z8DE7372A006C4309D78BZ/p/?o=e7de247caff55d2e
2024-11-17 03:10:59,N16718794A,Emfil Anti Skid Yoga Mat ,Emfil,4.5,384,N,30.05,Not Available,Y,39,https://www.noon.com/uae-en/anti-skid-yoga-mat/N16718794A/p/?o=a5c620b3ccf5175a
2024-11-17 03:10:59,ZD289F6BF478600EE2058Z,"GROIC Waist Twist Board, Fitness Waist Twist Plate, Body Sculpting Waist Twist Machine Turntable, Aerobic Fitness Equipment, Exercise Balance Board, Abdominal Muscle Training Board, Sports Equipment ",GROIC,3.6,10,N,53.55,200,N,36,https://www.noon.com/uae-en/waist-twist-board-fitness-waist-twist-plate-body-sculpting-waist-twist-machine-turntable-aerobic-fitness-equipment-exercise-balance-board-abdominal-muscle-training-board-sports-equipment/ZD289F6BF478600EE2058Z/p/?o=e937a0f17e237c8e
2024-11-17 03:11:02,Z4882AD10A617AAC52EADZ,Gaiam Chakra Yoga Mat Bag ,Gaiam,,,N,99,199,Y,10,https://www.noon.com/uae-en/chakra-yoga-mat-bag/Z4882AD10A617AAC52EADZ/p/?o=z4882ad10a617aac52eadz-1
2024-11-17 03:10:59,ZFC4F2BC1E9DC7B33305BZ,"Qiccijoo Qiccijoo Ankle Weights Set 1 Pair 4kg(8.8lb) Workout Ankle Weights for Women or Men Wrist Leg Weights for Fitness,Running,Walking,2*2kg(4.4lb) - Blue ",Qiccijoo,,,Y,89,Not Available,Y,35,https://www.noon.com/uae-en/qiccijoo-ankle-weights-set-1-pair-4kg-8-8lb-workout-ankle-weights-for-women-or-men-wrist-leg-weights-for-fitness-running-walking-2-2kg-4-4lb-blue/ZFC4F2BC1E9DC7B33305BZ/p/?o=zfc4f2bc1e9dc7b33305bz-1
2024-11-17 03:10:59,Z806209A62BA1D05C47E5Z,Longchamp Longchamp Le Pliage Original Large Black Tote Bag with Handle for Women L1899089001 ,Longchamp,,,N,156.40,Not Available,Y,34,https://www.noon.com/uae-en/longchamp-le-pliage-original-large-black-tote-bag-with-handle-for-women-l1899089001/Z806209A62BA1D05C47E5Z/p/?o=z806209a62ba1d05c47e5z-1
2024-11-17 03:10:59,Z28459E600CA113B6F24FZ,"YooA 3-Pair Non-slip Yoga Socks, Cotton Pilates Socks with Straps, Breathable&Moisture-wicking&Machine-washable, Ideal for Yoga/Pilates/Ballet/Dance/Workout (Pink+Black+Grey, Fit Size 36-42) ",YooA,5.0,1,N,32.80,50,Y,37,https://www.noon.com/uae-en/3-pair-non-slip-yoga-socks-cotton-pilates-socks-with-straps-breathable-moisture-wicking-machine-washable-ideal-for-yoga-pilates-ballet-dance-workout-pink-black-grey-fit-size-36-42/Z28459E600CA113B6F24FZ/p/?o=z28459e600ca113b6f24fz-1
2024-11-17 03:10:59,N16718791A,Pro Hanson Yoga Mat With Carry Strap ,Pro Hanson,4.4,527,N,33.80,35,Y,33,https://www.noon.com/uae-en/yoga-mat-with-carry-strap/N16718791A/p/?o=f25de7bd9fb95d5b
2024-11-17 03:10:59,N34539702A,yoga mat Foldable Non-Slip Yoga Mat ,yoga mat,4.3,142,N,37.85,39,Y,30,https://www.noon.com/uae-en/foldable-non-slip-yoga-mat/N34539702A/p/?o=e0fa937473a1625d
2024-11-17 03:10:59,Z8CEEC76F0B9EC0122F38Z,Longchamp Longchamp Le Pliage Original Large Navy Tote Bag for Women L1899089P68 ,Longchamp,5.0,3,N,165,Not Available,Y,28,https://www.noon.com/uae-en/longchamp-le-pliage-original-large-navy-tote-bag-for-women-l1899089p68/Z8CEEC76F0B9EC0122F38Z/p/?o=z8ceec76f0b9ec0122f38z-1
2024-11-17 03:10:59,ZC7C1017CDFCAC890274CZ,MahMir MahMir Yoga Mat Anti-Slip Exercise Mat with Carrying Bag Fitness Mat for Pilates 183CM*61CM*6MM Thickness for Woman Man Beginners  Light Green+Black ,MahMir,4.2,27,N,49.95,69.95,Y,29,https://www.noon.com/uae-en/mahmir-yoga-mat-anti-slip-exercise-mat-with-carrying-bag-fitness-mat-for-pilates-183cm-61cm-6mm-thickness-for-woman-man-beginners-light-green-black/ZC7C1017CDFCAC890274CZ/p/?o=zc7c1017cdfcac890274cz-1
2024-11-17 03:10:59,N16529616A,body heart Yoga Ball With Air Pump - 65 cm 65cm 65cm ,body heart,4.3,60,N,29.90,37,N,32,https://www.noon.com/uae-en/yoga-ball-with-air-pump-65-cm-65cm-65cm/N16529616A/p/?o=b74a8c612962fc2f
2024-11-17 03:10:59,Z5BB144BA6576302F7275Z,MahMir MahMir Yoga Mat Anti-Slip Exercise Mat with Carrying Bag Fitness Mat for Pilates 183CM*61CM*6MM Thickness for Woman Man Beginners (Green + Black) ,MahMir,4.8,8,N,49.95,69.95,Y,31,https://www.noon.com/uae-en/mahmir-yoga-mat-anti-slip-exercise-mat-with-carrying-bag-fitness-mat-for-pilates-183cm-61cm-6mm-thickness-for-woman-man-beginners-green-black/Z5BB144BA6576302F7275Z/p/?o=z5bb144ba6576302f7275z-1
2024-11-17 03:10:59,Z532ED4BF3B873929AEF6Z,Maston Yoga Pilates Ring Fitness Magic Circle Wrap Slimming Body Building Fitness Accessories foamroller ,Maston,5.0,1,Y,34,39,Y,27,https://www.noon.com/uae-en/yoga-pilates-ring-fitness-magic-circle-wrap-slimming-body-building-fitness-accessories-foamroller/Z532ED4BF3B873929AEF6Z/p/?o=z532ed4bf3b873929aef6z-1
2024-11-17 03:10:59,Z6744CF0C300C15718ECAZ,"GROIC 12 Pack Puzzle Exercise Floor Mat, EVA Foam Mats with Interlocking Floor Tiles, 12'' x 12'' Foam Gym Mat, Protective Flooring Mats Interlocking for Home and Gym Equipment ",GROIC,2.5,6,N,65.40,200,N,26,https://www.noon.com/uae-en/12-pack-puzzle-exercise-floor-mat-eva-foam-mats-with-interlocking-floor-tiles-12-x-12-foam-gym-mat-protective-flooring-mats-interlocking-for-home-and-gym-equipment/Z6744CF0C300C15718ECAZ/p/?o=f234f8274066f18c
2024-11-17 03:10:59,ZD47F076F0E799BD13A58Z,Generic 5 Pieces Sports Wicking Instant Dry Cooling Towel ,Generic,,,Y,30.90,79.95,Y,23,https://www.noon.com/uae-en/5-pieces-sports-wicking-instant-dry-cooling-towel/ZD47F076F0E799BD13A58Z/p/?o=zd47f076f0e799bd13a58z-1
2024-11-17 03:10:58,Z549615CC1C4033D14D98Z,"NNEWVANTE Nnewvante Silk Sleep Mask, 2 Pack 100% Real Natural Pure Silk Eye Mask with Adjustable Strap, Eye Mask for Sleeping, Eye Sleep Shade Cover, Blocks Light Reduces Puffy Eyes Gifts ",NNEWVANTE,4.1,4,Y,23.95,35.95,Y,15,https://www.noon.com/uae-en/nnewvante-silk-sleep-mask-2-pack-100-real-natural-pure-silk-eye-mask-with-adjustable-strap-eye-mask-for-sleeping-eye-sleep-shade-cover-blocks-light-reduces-puffy-eyes-gifts/Z549615CC1C4033D14D98Z/p/?o=z549615cc1c4033d14d98z-1
2024-11-17 03:10:58,Z15D61B8E79FCD0BC2FDCZ,"Teuuea 2 PCS Yoga Cork Block, High Density Non-Slip Natural Cork Yoga Brick, Eco-Friendly Supportive Exercise Accessory, Stability Balance for Yoga Pilates Stretching Toning Workouts, 22.5*14.7*7.5CM ",Teuuea,5.0,1,Y,55.95,99.95,Y,14,https://www.noon.com/uae-en/2-pcs-yoga-cork-block-high-density-non-slip-natural-cork-yoga-brick-eco-friendly-supportive-exercise-accessory-stability-balance-for-yoga-pilates-stretching-toning-workouts-22-5-14-7-7-5cm/Z15D61B8E79FCD0BC2FDCZ/p/?o=z15d61b8e79fcd0bc2fdcz-1
2024-11-17 03:10:58,Z4DDA125062C7766547DDZ,MahMir MahMir Yoga Mat Anti-Slip Exercise Mat with Carrying Bag Fitness Mat for Pilates 183CM*61CM*6MM Thickness for Woman Man Beginners ( Purple + Pink) ,MahMir,4.5,23,N,49.95,69.95,Y,13,https://www.noon.com/uae-en/mahmir-yoga-mat-anti-slip-exercise-mat-with-carrying-bag-fitness-mat-for-pilates-183cm-61cm-6mm-thickness-for-woman-man-beginners-purple-pink/Z4DDA125062C7766547DDZ/p/?o=z4dda125062c7766547ddz-1
2024-11-17 03:10:58,Z83C8A1AAB21D372A0063Z,MahMir MahMir Yoga Mat Anti Slip Exercise Mat with Carrying Bag Fitness Mat for Pilates 183CMX61CMX6MM Thickness for Woman Man Beginners (Dark Grey + Black) ,MahMir,4.5,28,N,49.95,69.95,Y,12,https://www.noon.com/uae-en/mahmir-yoga-mat-anti-slip-exercise-mat-with-carrying-bag-fitness-mat-for-pilates-183cmx61cmx6mm-thickness-for-woman-man-beginners-dark-grey-black/Z83C8A1AAB21D372A0063Z/p/?o=z83c8a1aab21d372a0063z-1
2024-11-17 03:10:59,Z12C65981DFBC1E6E6666Z,Generic Pilates Yoga Bed Yoga Studio Pilates Core Bed Pilates Training Bed Strength Adjustment Stainless Steel Yoga Training Bed ,Generic,,,Y,"1,865","2,399",Y,25,https://www.noon.com/uae-en/pilates-yoga-bed-yoga-studio-pilates-core-bed-pilates-training-bed-strength-adjustment-stainless-steel-yoga-training-bed/Z12C65981DFBC1E6E6666Z/p/?o=z12c65981dfbc1e6e6666z-1
2024-11-17 03:10:59,ZC9120F5FA66B652CD3C3Z,"LYNLYN 1.5m Resistance Bands for Yoga, Pilates, Strength Training, Elastic Bands for Flexibility, Rehab, Fitness, Ideal for Men & Women (Purple) ",LYNLYN,,,Y,29.90,79,Y,24,https://www.noon.com/uae-en/1-5m-resistance-bands-for-yoga-pilates-strength-training-elastic-bands-for-flexibility-rehab-fitness-ideal-for-men-women-purple/ZC9120F5FA66B652CD3C3Z/p/?o=zc9120f5fa66b652cd3c3z-1
2024-11-17 03:10:58,Z5B557BA405F39E1C40DEZ,MahMir MahMir Yoga Mat Anti-Slip Exercise Mat with Carrying Bag Fitness Mat for Pilates 183CM*61CM*6MM Thickness for Woman Man Beginners Pink + Light Grey ,MahMir,4.7,20,N,49.95,69.95,Y,11,https://www.noon.com/uae-en/mahmir-yoga-mat-anti-slip-exercise-mat-with-carrying-bag-fitness-mat-for-pilates-183cm-61cm-6mm-thickness-for-woman-man-beginners-pink-light-grey/Z5B557BA405F39E1C40DEZ/p/?o=z5b557ba405f39e1c40dez-1
